id,Found?,old ID,pieces,name,series,artist,imageUrl,boxImageUrl
12000001,Yes,,1000,"Three rocks in Cheow, Thailand",Power of Nature,,https://ravensburger.cloud/images/produktseiten/820x600/12000001_1.webp,
12000002,Yes,,1000,Aladdin,Disney Collector's Edition,,https://ravensburger.cloud/images/produktseiten/820x600/12000002_1.webp,
12000003,Yes,,1000,Susi und Strolch,Disney Collector's Edition,,https://ravensburger.cloud/images/produktseiten/820x600/12000003_1.webp,
12000004,Yes,,1000,RhB World Record,Beautiful Switzerland,,https://ravensburger.cloud/images/produktseiten/820x600/12000004_1.webp,
12000005,Yes,,1000,Sleeping Beauty,Disney Collector's Edition,,https://ravensburger.cloud/images/produktseiten/820x600/12000005_1.webp,
12000006,Yes,,1000,Fantasy Toy Shop,,,https://ravensburger.cloud/images/produktseiten/820x600/12000006_1.webp,
12000007,Yes,,1000,Leisure Days Nr. 3 - Winter Village,Leisure Days,,https://ravensburger.cloud/images/produktseiten/820x600/12000007_1.webp,
12000008,Yes,,1000,Country Cottage Collection No.13 Railway Cottage,Country Cottage Collection,,https://ravensburger.cloud/images/produktseiten/820x600/12000008_1.webp ,
12000009,Yes,13990,1000,Best of British No. 21 The Fairground,Best of British,,https://ravensburger.cloud/images/produktseiten/820x600/12000009.webp,
12000010,Yes,13991,1000,Home for Christmas,,,https://ravensburger.cloud/images/produktseiten/820x600/12000010.webp,https://m.media-amazon.com/images/I/A11L4gT8sKL._AC_SX679_.jpg
12000011,Yes,,2x500,Picturesque Landscapes No.1 Yorkshire,Picturesque Landscapes,,https://ravensburger.cloud/images/produktseiten/820x600/12000011_1.webp; https://ravensburger.cloud/images/produktseiten/820x600/12000011_2.webp,https://ravensburger.cloud/images/produktseiten/820x600/12000011_3.webp
12000012,Yes,,2x500,Picturesque Landscapes No.2 Norfolk Cromer & Horning,Picturesque Landscapes,,https://ravensburger.cloud/images/produktseiten/820x600/12000012_1.webp; https://ravensburger.cloud/images/produktseiten/820x600/12000012_2.webp,https://ravensburger.cloud/images/produktseiten/820x600/12000012_3.webp
12000013,Yes,,2x500,Railway Heritage No.1 Corfe Station & Oakworth Station,Railway Heritage,,https://ravensburger.cloud/images/produktseiten/820x600/12000013_1.webp; https://ravensburger.cloud/images/produktseiten/820x600/12000013_2.webp,https://ravensburger.cloud/images/produktseiten/820x600/12000013_4.webp
12000014,No,,,,,,,
12000015,Yes,,1000,Rome,Beautiful Skylines,,https://ravensburger.cloud/images/produktseiten/820x600/12000015_1.webp,
12000016,Yes,,1000,London,Beautiful Skylines,,https://ravensburger.cloud/images/produktseiten/820x600/12000016_1.webp,
12000017,Yes,,1000,New York,Beautiful Skylines,,https://ravensburger.cloud/images/produktseiten/820x600/12000017_1.webp,
12000018,Yes,,1000,Paris,Beautiful Skylines,,https://ravensburger.cloud/images/produktseiten/820x600/12000018_1.webp,
12000019,Yes,,1000,The Charity Shop,Best of British,,https://ravensburger.cloud/images/produktseiten/820x600/12000019_1.webp,
12000020,No,,,,,,,
12000021,Yes,,1000,The Weaver's Workshop,,,https://ravensburger.cloud/images/produktseiten/820x600/12000021_1.webp,
12000022,Yes,,500,The Music Room,,,https://ravensburger.cloud/images/produktseiten/820x600/12000022_1.webp,
12000023,Yes,,1000,Kandinsky - Yellow Red Blue,Art Collection,,https://m.media-amazon.com/images/I/91a+Yta+7uL.jpg,https://www.kinderland-bestensee.de/storage/images/image?remote=https%3A%2F%2Fwww.kinderland-bestensee.de%2FWebRoot%2FStore31%2FShops%2F87365243%2F5D91%2FD801%2FDEAD%2FC097%2FA976%2F0A0C%2F6D0B%2F83A5%2F14848.jpg
12000024,Yes,,2x500,North Yorkshire,Cosy Cottages,,https://ravensburger.cloud/images/produktseiten/820x600/12000024_1.webp; https://ravensburger.cloud/images/produktseiten/820x600/12000024_2.webp,https://ravensburger.cloud/images/produktseiten/820x600/12000024_3.webp
12000025,Yes,,1000,Mediterranean France,Mediterranean Places,,https://ravensburger.cloud/images/produktseiten/820x600/12000025_1.webp,
12000026,Yes,,1000,Mediterranean Italy,Mediterranean Places,,https://ravensburger.cloud/images/produktseiten/820x600/12000026_1.webp,
12000027,Yes,,1000,Mediterranean Spain,Mediterranean Places,,https://ravensburger.cloud/images/produktseiten/820x600/12000027_1.webp,
12000028,Yes,,1000,Mediterranean Malta,Mediterranean Places,,https://ravensburger.cloud/images/produktseiten/820x600/12000028_1.webp,
12000029,Yes,,1000,Mediterranean Croatia,Mediterranean Places,,https://ravensburger.cloud/images/produktseiten/820x600/12000029_1.webp,
12000030,Yes,,1000,Mediterranean Greece,Mediterranean Places,,https://ravensburger.cloud/images/produktseiten/820x600/12000030_1.webp,
12000031,Yes,,1000,The Artist's Cabinet,Cabinet Collection,,https://ravensburger.cloud/images/produktseiten/820x600/12000031_1.webp,
12000032,Yes,,1000,The Beach Hut,My Haven ,,https://ravensburger.cloud/images/produktseiten/820x600/12000032_1.webp,
12000033,Yes,,1000,Abends in den Rocky Mountains,Power of Nature,,https://ravensburger.cloud/images/produktseiten/820x600/12000033_1.webp,
12000034,No,,,,,,,
12000035,No,,,,,,,
12000036,No,,,,,,,
12000037,Yes,,1000,Maleficent,Disney Villainous,,https://ravensburger.cloud/images/produktseiten/820x600/12000037_1.webp,
12000038,Yes,,1000,Queen of Hearts,Disney Villainous,,https://ravensburger.cloud/images/produktseiten/820x600/12000038_1.webp,
12000039,Yes,,1000,Ursula,Disney Villainous,,https://ravensburger.cloud/images/produktseiten/820x600/12000039_1.webp,
12000040,Yes,,2x500,The Christmas Market + Santa's Christmas Supper,Christmas Collection,,https://ravensburger.cloud/images/produktseiten/820x600/12000040_1.webp; https://ravensburger.cloud/images/produktseiten/820x600/12000040_2.webp,
12000041,Yes,,1000,Tower Bridge at Sunset,,,https://ravensburger.cloud/images/produktseiten/820x600/12000041_1.webp,
12000042,Yes,,1000,Sistine Chapel,Art Collection,,"https://m.media-amazon.com/images/I/81UJMNR6IlL._AC_UF894,1000_QL80_.jpg",
12000043,Yes,,1000,Granada,Colección Ibérica,,https://ravensburger.cloud/images/produktseiten/820x600/12000043_1.webp,
12000044,Yes,,500,Manatee Moments,,,https://ravensburger.cloud/images/produktseiten/650x445/12000044_1.webp,
12000045,Yes,,1000,Yosemite Park,Power of Nature,,https://ravensburger.cloud/images/produktseiten/820x600/12000045_1.webp,
12000046,Yes,,1000,Sonne über Island,Power of Nature,,https://ravensburger.cloud/images/produktseiten/820x600/12000046_1.webp,
12000047,Yes,,631,Gold,Krypt,,https://ravensburger.cloud/images/produktseiten/820x600/12000047_1.webp,
12000048,Yes,,1000,Ayers Rock in Australien,Beautiful Places,,https://ravensburger.cloud/images/produktseiten/820x600/12000048_1.webp,
12000049,No,,,,,,,
12000050,Yes,,1000,The Cosy Shed,My Haven,,https://ravensburger.cloud/images/produktseiten/820x600/12000050_1.webp,https://ravensburger.cloud/images/produktseiten/820x600/12000050.webp
12000051,No,,,,,,,
12000052,Yes,,1000,Portrait of the Earth 2,Portrait of the Earth,,https://ravensburger.cloud/images/produktseiten/820x600/12000052.webp,
12000053,No,,,,,,,
12000054,Yes,,736,Black,Krypt,,https://ravensburger.cloud/images/produktseiten/820x600/12000054_1.webp,
12000055,No,,,,,,,
12000056,Yes,,1000,Venice Romance,,,https://ravensburger.cloud/images/produktseiten/820x600/12000056_1.webp,
12000057,Yes,,1000,"Dinner in Positano, Italy",,,https://ravensburger.cloud/images/produktseiten/820x600/12000057_1.webp,
12000058,Yes,,1000,The Mona Lisa,Art Collection,,https://ravensburger.cloud/images/produktseiten/820x600/12000058.webp,
12000059,Yes,,1000,The Greatest Bookshop,,,https://ravensburger.cloud/images/produktseiten/820x600/12000059_1.webp,
12000060,Yes,,1000,Van Gogh: Night Café,Art Collection,,https://ravensburger.cloud/images/produktseiten/820x600/12000060.webp,
12000061,Yes,,1000,The Kiss,Art Collection,,https://ravensburger.cloud/images/produktseiten/820x600/12000061.webp,
12000062,Yes,,1000,Cherubini,Art Collection,,https://ravensburger.cloud/images/produktseiten/820x600/12000062.webp,
12000063,Yes,,1000,The Virgin,Art Collection,,https://ravensburger.cloud/images/produktseiten/820x600/12000063.webp,
12000064,Yes,,1000,Starry Night,Art Collection,,https://ravensburger.cloud/images/produktseiten/820x600/12000064_1.webp,https://ravensburger.cloud/images/produktseiten/820x600/12000064.webp
12000065,Yes,,1000,Politische Weltkarte,,,https://ravensburger.cloud/images/produktseiten/820x600/12000065_1.webp,
12000066,Yes,,1000,The Kiss,Art Collection,,https://ravensburger.cloud/images/produktseiten/820x600/12000066_1.webp,
12000067,Yes,,1000,The Scream,Art Collection,,https://ravensburger.cloud/images/produktseiten/820x600/12000067.webp,
12000068,Yes,,1000,The Birth of Venus,Art Collection,,https://ravensburger.cloud/images/produktseiten/820x600/12000068.webp,
12000069,Yes,16944,500,Minu's Pond Daydreams,,,https://ravensburger.cloud/images/produktseiten/820x600/12000069_1.webp,https://ravensburger.cloud/images/produktseiten/820x600/12000069.webp
12000070,Yes,,1000,Vase of sunflowers,Art Collection,,https://ravensburger.cloud/images/produktseiten/820x600/12000070.webp,
12000071,Yes,,654,Silver,Krypt,,https://ravensburger.cloud/images/produktseiten/820x600/12000071_1.webp,https://ravensburger.cloud/images/produktseiten/820x600/12000071.webp
12000072,Yes,,1000,Exploring the Dales,Leisure Days,,https://ravensburger.cloud/images/produktseiten/820x600/12000072_1.webp,
12000073,Yes,,1000,99 Kräuter und Gewürze,,,https://ravensburger.cloud/images/produktseiten/820x600/12000073_1.webp,
12000074,Yes,,1000,"Malerische Stimmung im Vallée de la Clarée, Französische Alpen",Power of Nature,,https://ravensburger.cloud/images/produktseiten/820x600/12000074_1.webp,
12000075,Yes,,945,Shaped Mickey,,,https://ravensburger.cloud/images/produktseiten/820x600/12000075_1.webp,
12000076,Yes,,1000,Calm Campsite,,,https://ravensburger.cloud/images/produktseiten/820x600/12000076_1.webp,
12000077,Yes,,500,Kitten,,,https://ravensburger.cloud/images/produktseiten/650x445/12000077_1.webp,
12000078,Yes,,1500,Vase of sunflowers,Art Collection,,https://ravensburger.cloud/images/produktseiten/820x600/12000078.webp,
12000079,Yes,,1500,Starry Night,Art Collection,,https://ravensburger.cloud/images/produktseiten/820x600/12000079.webp,
12000080,Yes,,1500,The Kiss,Art Collection,,https://ravensburger.cloud/images/produktseiten/820x600/12000080.webp,
12000081,Yes,,1500,Squares with concentric circles,Art Collection,,https://ravensburger.cloud/images/produktseiten/820x600/12000081.webp,
12000082,No,,,,,,,
12000083,Yes,,1000,Vintage No. 9 Crazy Cats Lots in the Post,Vintage,Linda Jane Smith,https://ravensburger.cloud/images/produktseiten/820x600/12000083.webp,
12000084,Yes,,1000,The Bemused Bookseller,,Steve Read,https://ravensburger.cloud/images/produktseiten/820x600/12000084.webp,
12000085,Yes,,1000,I Like Birds,Birdie Seasons,Stuart Cox,https://ravensburger.cloud/images/produktseiten/820x600/12000085.webp,
12000086,Yes,,1000,E,Awesome Alphabet,Colin Thompson,https://ravensburger.cloud/images/produktseiten/820x600/12000086.webp,
12000087,Yes,,1000,No Ball Games,,Ailsa Black,https://ravensburger.cloud/images/produktseiten/820x600/12000087.webp,
12000088,Unverified,,1000,Winter on the Farm,,Trevor Mitchell,https://i.ebayimg.com/images/g/O40AAOSwx3RfKmqM/s-l1200.jpg,
12000089,Yes,,1000,Myths & Legends,,Aimee Stewart,https://ravensburger.cloud/images/produktseiten/820x600/12000089_1.webp,
12000090,Yes,,1000,The Scoreboard End ,Leisure Days,Kevin Walsh,https://ravensburger.cloud/images/produktseiten/820x600/12000090_1.webp,
12000091,Yes,,1000,"Kinsale Harbour, County Cork",Irish Collection,,https://ravensburger.cloud/images/produktseiten/820x600/12000091_1.webp,
12000092,Yes,,1000,Die Eiskönigin,Disney Collector's Edition,,https://ravensburger.cloud/images/produktseiten/820x600/12000092_1.webp,
12000093,No,,,,,,,
12000094,Yes,,500,Best Disney Themes,,,https://ravensburger.cloud/images/produktseiten/820x600/12000094_1.webp,
12000095,Unverified,,1000,Christmas is Coming!,,,https://m.media-amazon.com/images/I/81BbvNVZ18L._AC_SX679_.jpg,
12000096,Yes,,1000,Hades,Disney Villainous,,https://ravensburger.cloud/images/produktseiten/820x600/12000096_1.webp,
12000097,Yes,,1000,Evil Queen,Disney Villainous,,https://ravensburger.cloud/images/produktseiten/820x600/12000097_1.webp,
12000098,Yes,,1000,Ratigan,Disney Villainous,,https://ravensburger.cloud/images/produktseiten/820x600/12000098_1.webp,
12000099,Yes,,1000,Yzma,Disney Villainous,,https://ravensburger.cloud/images/produktseiten/820x600/12000099_1.webp,
12000100,Yes,,1000,Dr. Facilier,Disney Villainous,,https://ravensburger.cloud/images/produktseiten/820x600/12000100_1.webp,
12000101,Yes,,1000,Scar,Disney Villainous,,https://ravensburger.cloud/images/produktseiten/820x600/12000101_1.webp,
12000102,Yes,,1000,Knitty Kitty,,,https://ravensburger.cloud/images/produktseiten/820x600/12000102_1.webp,
12000103,Yes,,1000,Rotterdam,Cities of the world,,https://m.media-amazon.com/images/I/91-y9xXeY8L._AC_SL1500_.jpg,https://ravensburger.cloud/images/produktseiten/820x600/12000103.webp
12000104,Yes,,654,Krypt Pink,Krypt,,https://ravensburger.cloud/images/produktseiten/820x600/12000104_1.webp,
12000105,Yes,,1000,The Treasure Trove,,,https://puzzlemania-154aa.kxcdn.com/products/2024/puzzle-ravensburger-1000-pieces-treasure-trove.webp,https://ravensburger.cloud/images/produktseiten/820x600/12000105.webp
12000106,Yes,,1000,Groningen,Cities of the world,,https://www.dezwerver.nl/media/products/28252/puzzel_groningen.jpg,https://ravensburger.cloud/images/produktseiten/820x600/12000106.webp
12000107,Yes,,1000,Great Wave off Kanagawa,Art Collection,,https://m.media-amazon.com/images/I/81YDAAXpt+L._AC_SX679_.jpg,https://ravensburger.cloud/images/produktseiten/820x600/12000107.webp
12000108,Yes,,1000,Pinocchio,Disney Collector's Edition,,https://ravensburger.cloud/images/produktseiten/820x600/12000108_1.webp,
12000109,Yes,,1000,Alice im Wunderland,Disney Collector's Edition,,https://ravensburger.cloud/images/produktseiten/820x600/12000109_1.webp,
12000110,Yes,,1000,Haifoss auf Island,Scandinavian Places,,https://ravensburger.cloud/images/produktseiten/820x600/12000110_1.webp,
12000111,Yes,,1000,"Kopenhagen, Dänemark",Scandinavian Places,,https://ravensburger.cloud/images/produktseiten/820x600/12000111_1.webp,
12000112,Yes,,1000,"Reine, Lofoten, Norwegen",Scandinavian Places,,https://ravensburger.cloud/images/produktseiten/820x600/12000112_1.webp,
12000113,Yes,,1000,"Häuser in Aarhus, Dänemark",Scandinavian Places,,https://ravensburger.cloud/images/produktseiten/820x600/12000113_1.webp,
12000114,Yes,,1000,"Stockholm, Schweden",Scandinavian Places,,https://ravensburger.cloud/images/produktseiten/820x600/12000114_1.webp,
12000115,Yes,,1000,Fjord in Norwegen,Scandinavian Places,,https://ravensburger.cloud/images/produktseiten/820x600/12000115_1.webp,
12000116,Yes,,1000,Challenge Glitter,Challenge,,https://ravensburger.cloud/images/produktseiten/820x600/12000116_1.webp,
12000117,Yes,,1000,Birkenwald,Power of nature,,https://ravensburger.cloud/images/produktseiten/820x600/12000117_1.webp,
12000118,Yes,,1000,Zion Canyon USA,Power of nature,,https://ravensburger.cloud/images/produktseiten/820x600/12000118_1.webp,
12000119,Yes,,1000,A Pirate's Life,,,https://ravensburger.cloud/images/produktseiten/820x600/12000119_1.webp,
12000120,Yes,,1000,F & G,Awesome Alphabet,,https://ravensburger.cloud/images/produktseiten/820x600/12000120_1.webp,
12000121,Yes,,1000,Blooming Beautiful,,,https://ravensburger.cloud/images/produktseiten/820x600/12000121_1.webp,
12000122,Yes,,1000,Camping & Caravanning,Leisure Days,,https://ravensburger.cloud/images/produktseiten/820x600/12000122_1.webp,
12000123,Yes,,1000,Cherry Blossom Time,,Véronique Oodian,https://ravensburger.cloud/images/produktseiten/820x600/12000123.webp,
12000124,Yes,,1000,Crazy Cats... Bingley's Bookclub,,,https://ravensburger.cloud/images/produktseiten/820x600/12000124_1.webp,
12000125,Yes,,1000,Forth Bridge at Sunset,,,https://ravensburger.cloud/images/produktseiten/820x600/12000125_1.webp,
12000126,Yes,,1000,The Gardener's Shed,My Haven,,https://ravensburger.cloud/images/produktseiten/820x600/12000126_1.webp,
12000127,Yes,,1000,The Four Seasons,,,https://ravensburger.cloud/images/produktseiten/820x600/12000127_1.webp,
12000128,Yes,,1000,Amazing Birds,,,https://ravensburger.cloud/images/produktseiten/820x600/12000128_1.webp,
12000129,Yes,,1000,Origami Meditations,,,https://ravensburger.cloud/images/produktseiten/820x600/12000129.webp,
12000130,Yes,,1000,Family Vacation,,,https://ravensburger.cloud/images/produktseiten/820x600/12000130_1.webp,
12000131,Yes,,1000,Flower Hill Lane,Down the Lane,,https://ravensburger.cloud/images/produktseiten/820x600/12000131_1.webp,
12000132,Yes,,1000,Irish Collection 2 - Galway Romance,Irish Collection,Helen Condon,https://ravensburger.cloud/images/produktseiten/820x600/12000132.webp,
12000133,Yes,,1000,Exotic Escape,,,https://ravensburger.cloud/images/produktseiten/820x600/12000133.webp,
12000134,Yes,,1000,Lebensbaum,Art Collection,,https://ravensburger.cloud/images/produktseiten/820x600/12000134.webp,
12000135,Yes,,1000,The Christmas House,,,https://m.media-amazon.com/images/I/91qxMiZyVRL._AC_SX679_.jpg,
12000136,Yes,,1000,Baloo,Disney Treasures from the vault,,https://ravensburger.cloud/images/produktseiten/820x600/12000136_1.webp,https://ravensburger.cloud/images/produktseiten/820x600/12000136.webp
12000137,Yes,,500,Kitten in Basket,,,https://ravensburger.cloud/images/produktseiten/820x600/12000137.webp,
12000138,Yes,,500,Asterix und sein Dorf,,,https://ravensburger.cloud/images/produktseiten/820x600/12000138_1.webp,https://ravensburger.cloud/images/produktseiten/820x600/12000138.webp
12000139,Yes,,1000,Robin Hood,Disney Treasures from the vault,,https://ravensburger.cloud/images/produktseiten/820x600/12000139_1.webp,https://ravensburger.cloud/images/produktseiten/820x600/12000139.webp
12000140,Yes,,1000,Mickey Mouse Musical Revue,Disney Treasures from the vault,,https://ravensburger.cloud/images/produktseiten/820x600/12000140_1.webp,https://ravensburger.cloud/images/produktseiten/820x600/12000140.webp
12000141,Yes,,1000,Farbenpracht am Wilden Kaiser,Österreich Collection,,https://ravensburger.cloud/images/produktseiten/820x600/12000141_1.webp,
12000142,Yes,,1000,Baker's Cottage,Country Cottage Collection,,https://ravensburger.cloud/images/produktseiten/820x600/12000142_1.webp,
12000143,Yes,,1000,Turn the Page Bookclub,,,https://ravensburger.cloud/images/produktseiten/820x600/12000143_1.webp,
12000144,Yes,,1000,H,Awesome Alphabet,,https://ravensburger.cloud/images/produktseiten/820x600/12000144_1.webp,
12000145,Yes,,1000,Cook's Cabinet,The Cabinet Collection,,https://ravensburger.cloud/images/produktseiten/820x600/12000145_1.webp,
12000146,Yes,,631,Gradient,Krypt,,https://ravensburger.cloud/images/produktseiten/820x600/12000146_1.webp,
12000147,Yes,,500,Garden Birds,,,https://ravensburger.cloud/images/produktseiten/820x600/12000147_1.webp,
12000148,Yes,,500,Tiger im Schnee,,,https://ravensburger.cloud/images/produktseiten/820x600/12000148_1.webp,
12000149,Yes,,500,Spaziergang in Paris,,,https://ravensburger.cloud/images/produktseiten/820x600/12000149_1.webp,
12000150,No,,,,,,,
12000151,No,,,,,,,
12000152,Yes,,1000,Thanos,Marvel Villainous,,https://ravensburger.cloud/images/produktseiten/820x600/12000152.webp,
12000153,Yes,,1000,Killmonger,Marvel Villainous,,https://ravensburger.cloud/images/produktseiten/820x600/12000153.webp,
12000154,Yes,,1000,Seychellen,Beautiful Islands,,https://ravensburger.cloud/images/produktseiten/820x600/12000154_1.webp,
12000155,Yes,,1000,Paradiesische Aussicht,Beautiful Islands,,https://ravensburger.cloud/images/produktseiten/820x600/12000155_1.webp,
12000156,Yes,,1000,Indonesien ,Beautiful Islands,,https://ravensburger.cloud/images/produktseiten/820x600/12000156_1.webp,
12000157,Yes,,1000,Hawaii,Beautiful Islands,,https://ravensburger.cloud/images/produktseiten/820x600/12000157_1.webp,
12000158,Yes,,1000,"Stratovulkan Bromo, Indonesien​",Beautiful Islands,,https://ravensburger.cloud/images/produktseiten/820x600/12000158_1.webp,
12000159,Yes,,1000,Karibische Insel,Beautiful Islands,,https://ravensburger.cloud/images/produktseiten/820x600/12000159_1.webp,
12000160,Yes,,1000,Down the Lane No. 2 Meadow Hill Lane,Down the Lane,,https://ravensburger.cloud/images/produktseiten/820x600/12000160_1.webp,
12000161,Yes,,1000,A Fisherman's Life,,,https://m.media-amazon.com/images/I/A1uf-n3NMOL._AC_SX679_.jpg,https://ravensburger.cloud/images/produktseiten/820x600/12000161.webp
12000162,Yes,,1000,Vintage Dressmaking,,Aimee Stewart,https://ravensburger.cloud/images/produktseiten/820x600/12000162_1.webp,
12000163,Yes,,1000,Bath Romance,,,https://ravensburger.cloud/images/produktseiten/820x600/12000163_1.webp,
12000164,Yes,,1000,My Haven No. 9 The Tea Shed,My Haven,,https://ravensburger.cloud/images/produktseiten/820x600/12000164_1.webp,
12000165,Yes,,1000,Leisure Days No. 6 Days Out,Leisure Days,,https://ravensburger.cloud/images/produktseiten/820x600/12000165_1.webp,
12000166,Yes,,1000,Festival Of The Flower Children,,,https://ravensburger.cloud/images/produktseiten/820x600/12000166_1.webp,
12000167,Yes,,1000,The Book Palace,,,https://ravensburger.cloud/images/produktseiten/820x600/12000167_1.webp,
12000168,Yes,,1000,Vintage London,,,https://ravensburger.cloud/images/produktseiten/820x600/12000168_1.webp,
12000169,Yes,,1000,Around the World in 80 Days,Sven Shaw's World,Sven Shaw,https://ravensburger.cloud/images/produktseiten/820x600/12000169_1.webp,
12000170,Yes,,1000,Wunderland,Look and find,,https://ravensburger.cloud/images/produktseiten/820x600/12000170_1.webp,
12000171,Yes,,1000,Vintage No. 11 Crazy Cats... Lazy Summer Afternoon,Vintage,,https://ravensburger.cloud/images/produktseiten/820x600/12000171_1.webp,
12000172,Yes,,1000,I & J,Awesome Alphabet,Colin Thompson,https://ravensburger.cloud/images/produktseiten/820x600/12000172_1.webp,
12000173,Yes,,1000,Vintage Fairground fun,,Trevor Mitchell,https://ravensburger.cloud/images/produktseiten/820x600/12000173_1.webp,
12000174,No,,,,,,,
12000175,Yes,,1000,"Schwefelsäure See am Mount Ijen, Java",Power of Nature,,https://ravensburger.cloud/images/produktseiten/820x600/12000175_1.webp,
12000176,Yes,,1000,Vulkan Ätna,Power of Nature,,https://ravensburger.cloud/images/produktseiten/820x600/12000176_1.webp,
12000177,Yes,,1000,Das Irrenhaus,Lost Places,,https://ravensburger.cloud/images/produktseiten/820x600/12000177_1.webp,
12000178,Yes,,1000,Verträumt,Lost Places,,https://ravensburger.cloud/images/produktseiten/820x600/12000178_1.webp,
12000179,Yes,,1000,Weißer Raum,Lost Places,,https://ravensburger.cloud/images/produktseiten/820x600/12000179_1.webp,
12000180,Yes,,1000,Mysterious castle library,Lost Places,,https://ravensburger.cloud/images/produktseiten/820x600/12000180_1.webp,
12000181,Yes,,1000,Der Palast,Lost Places,,https://ravensburger.cloud/images/produktseiten/820x600/12000181_1.webp,
12000182,Yes,,1000,Eichenholzspiraltreppe,Lost Places,,https://ravensburger.cloud/images/produktseiten/820x600/12000182_1.webp,
12000183,Yes,,1000,Vintage Summer Garden,,Aimee Stewart,https://ravensburger.cloud/images/produktseiten/820x600/12000183_1.webp,
12000184,Yes,,1000,Sonnenuntergang in London,,,https://ravensburger.cloud/images/produktseiten/820x600/12000184_1.webp,
12000185,Yes,,1000,Around the UK & Ireland,Sven Shaw's World,Sven Shaw,https://ravensburger.cloud/images/produktseiten/820x600/12000185_1.webp,
12000186,Yes,,1000,Antwerpen,Cities of the World,,,https://ravensburger.cloud/images/produktseiten/820x600/12000186.webp
12000187,Yes,,1000,Jurassic Park,Artist Collection,,https://ravensburger.cloud/images/produktseiten/820x600/12000187_1.webp,
12000188,Yes,,1000,E.T.,Artist Collection,,https://ravensburger.cloud/images/produktseiten/820x600/12000188_1.webp,
12000189,Yes,,736,Metallic Mint,Krypt ,,https://ravensburger.cloud/images/produktseiten/820x600/12000189_1.webp,
12000190,Yes,,1500,The Grand Library,Art Collection,,https://ravensburger.cloud/images/produktseiten/820x600/12000190_1.webp,
12000191,Yes,,1000,Miró ,Art Collection,,https://ravensburger.cloud/images/produktseiten/820x600/12000191.webp,
12000192,Yes,,1000,Roy Lichtenstein,Art Collection,,https://ravensburger.cloud/images/produktseiten/820x600/12000192.webp,
12000193,Yes,,1000,Dali,Art Collection,,https://ravensburger.cloud/images/produktseiten/820x600/12000193.webp,
12000194,Yes,,1000,Sorolla,Art Collection,,https://ravensburger.cloud/images/produktseiten/820x600/12000194.webp,
12000195,Yes,,1000,Lamborghini Huracán EVO RWD,,,https://ravensburger.cloud/images/produktseiten/820x600/12000195_1.webp,
12000196,Yes,,500,Puppy Pals,,,https://ravensburger.cloud/images/produktseiten/820x600/12000196_1.webp,
12000197,Yes,,500,Tropical Waters,,,https://ravensburger.cloud/images/produktseiten/820x600/12000197_1.webp,
12000198,Yes,,500,Spaziergang durch Paris,,,https://ravensburger.cloud/images/produktseiten/820x600/12000198_1.webp,
12000199,Yes,,500,Verträumtes Cottage,,,https://ravensburger.cloud/images/produktseiten/820x600/12000199_1.webp,
12000200,Yes,,500,Delfine im Korallenriff,,,https://ravensburger.cloud/images/produktseiten/820x600/12000200_1.webp,
12000201,Yes,,500,"Comer See, Italien",,,https://ravensburger.cloud/images/produktseiten/820x600/12000201_1.webp,
12000202,Yes,,500,Solar System,,,https://ravensburger.cloud/images/produktseiten/820x600/12000202_1.webp,
12000203,Yes,,500,Faultier Selfie,,,https://ravensburger.cloud/images/produktseiten/820x600/12000203_1.webp,
12000204,Yes,,500,Harry Potter in Hogwarts,,,https://ravensburger.cloud/images/produktseiten/820x600/12000204_1.webp,
12000205,Yes,,500,Katzen im Regal,,,https://ravensburger.cloud/images/produktseiten/820x600/12000205_1.webp,
12000206,Yes,,500,Koalas im Baum,,,https://ravensburger.cloud/images/produktseiten/820x600/12000206_1.webp,
12000207,Yes,,500,Morning in the Greenhouse,,,https://ravensburger.cloud/images/produktseiten/820x600/12000207_1.webp,
12000208,Yes,,500,Skandinavische Idylle,,,https://ravensburger.cloud/images/produktseiten/820x600/12000208_1.webp,
12000209,Yes,,500,Ausflug ins Grüne,,,https://ravensburger.cloud/images/produktseiten/820x600/12000209_1.webp,
12000210,Yes,,500,Pferd im Rapsfeld,,,https://ravensburger.cloud/images/produktseiten/820x600/12000210_1.webp,
12000211,Yes,,500,King of the Sea,,,https://m.media-amazon.com/images/I/81MCU-ITnKL._AC_SX679_.jpg,https://ravensburger.cloud/images/produktseiten/820x600/12000211.webp
12000212,Yes,,500,Morgens am Hafen,,,https://ravensburger.cloud/images/produktseiten/820x600/12000212_1.webp,
12000213,Yes,,500,Floral Reflections,,,https://ravensburger.cloud/images/produktseiten/820x600/12000213_1.webp,
12000214,Yes,,500,"Burj Khalifa, Dubai",,,https://ravensburger.cloud/images/produktseiten/820x600/12000214_1.webp,
12000215,Yes,,500,Es weihnachtet sehr,,,https://ravensburger.cloud/images/produktseiten/820x600/12000215_1.webp,
12000216,Yes,,500,Auf der Suche nach dem Kind,,,https://ravensburger.cloud/images/produktseiten/820x600/12000216_1.webp,
12000217,Yes,,500,Leuchtturm am Abend,,,https://ravensburger.cloud/images/produktseiten/820x600/12000217_1.webp,
12000218,Yes,,500,Hütte am Fluss,,,https://ravensburger.cloud/images/produktseiten/820x600/12000218_1.webp,
12000219,Yes,,500,Schöne Aussicht,,,https://ravensburger.cloud/images/produktseiten/820x600/12000219_1.webp,
12000220,Yes,,500,Löwen in der Savanne,,,https://ravensburger.cloud/images/produktseiten/820x600/12000220_1.webp,
12000221,Yes,,500,Luftballonparty,,,https://ravensburger.cloud/images/produktseiten/820x600/12000221_1.webp,
12000222,Yes,,500,Pferd am Strand,,,https://ravensburger.cloud/images/produktseiten/820x600/12000222_1.webp,
12000223,Yes,,500,Maritimes Flair,,,https://ravensburger.cloud/images/produktseiten/820x600/12000223_1.webp,
12000224,Yes,,500,"New York - die Stadt, die niemals schläft",,,https://ravensburger.cloud/images/produktseiten/820x600/12000224_1.webp,
12000225,Yes,,500,Schildkröte im Riff,,,https://ravensburger.cloud/images/produktseiten/820x600/12000225_1.webp,
12000226,Yes,16828,500,Spring in eine Pfütze!,,,https://ravensburger.cloud/images/produktseiten/820x600/12000226.webp,
12000227,Yes,,500,Weihnachtszeit,,,https://ravensburger.cloud/images/produktseiten/820x600/12000227_1.webp,
12000228,Yes,,2x500,Harry Potter,,,https://ravensburger.cloud/images/produktseiten/820x600/12000228.webp; https://ravensburger.cloud/images/produktseiten/820x600/12000228_1.webp,
12000229,Yes,,2x500,Pokemon,,,https://ravensburger.cloud/images/produktseiten/820x600/12000229_1.webp; https://ravensburger.cloud/images/produktseiten/820x600/12000229_2.webp,https://ravensburger.cloud/images/produktseiten/820x600/12000229.webp
12000230,Yes,,2x500,Sea and Mountains,,,https://ravensburger.cloud/images/produktseiten/820x600/12000230_1.webp; https://ravensburger.cloud/images/produktseiten/820x600/12000230_2.webp,https://ravensburger.cloud/images/produktseiten/820x600/12000230.webp
12000231,Yes,,2x500,Paris,,,https://ravensburger.cloud/images/produktseiten/820x600/12000231_1.webp; https://ravensburger.cloud/images/produktseiten/820x600/12000231_2.webp,https://ravensburger.cloud/images/produktseiten/820x600/12000231.webp
12000232,Yes,,2x500,Kittens,,,https://ravensburger.cloud/images/produktseiten/820x600/12000232_1.webp; https://ravensburger.cloud/images/produktseiten/820x600/12000232_2.webp,https://ravensburger.cloud/images/produktseiten/820x600/12000232.webp
12000233,Yes,16931,500,Pacman,,,https://ravensburger.cloud/images/produktseiten/820x600/12000233.webp,
12000234,Yes,,500,I'll Be There for you,,,https://ravensburger.cloud/images/produktseiten/820x600/12000234.webp,
12000235,Yes,,500,Süßer kleiner Otter,,,https://ravensburger.cloud/images/produktseiten/820x600/12000235_1.webp,
12000236,Yes,,500,Planetensystem,,,https://ravensburger.cloud/images/produktseiten/820x600/12000236_1.webp,
12000237,Yes,,500,Vintage Stillleben,,,https://ravensburger.cloud/images/produktseiten/820x600/12000237_1.webp,
12000238,Yes,,500,Im Dinoland,,,https://ravensburger.cloud/images/produktseiten/820x600/12000238_1.webp,
12000239,Yes,,500,Löwe aus Polygonen,,,https://ravensburger.cloud/images/produktseiten/820x600/12000239_1.webp,
12000240,Yes,,881,Universe Glow,Krypt,,https://ravensburger.cloud/images/produktseiten/820x600/12000240_1.webp,
12000241,Yes,,2x500,Panda und Koala,,,https://ravensburger.cloud/images/produktseiten/820x600/12000241_1.webp; https://ravensburger.cloud/images/produktseiten/820x600/12000241_2.webp,https://ravensburger.cloud/images/produktseiten/820x600/12000241.webp
12000242,Yes,,2x500,New York,,,https://ravensburger.cloud/images/produktseiten/820x600/12000242_1.webp,https://ravensburger.cloud/images/produktseiten/820x600/12000242.webp
12000243,Yes,,1000,Pocahontas,Collector's Edition,,https://ravensburger.cloud/images/produktseiten/820x600/12000243_1.webp,
12000244,Yes,,1000,Batman,Collector's Edition,,https://ravensburger.cloud/images/produktseiten/820x600/12000244_1.webp,
12000245,Yes,,1000,Superman,Collector's Edition,,https://ravensburger.cloud/images/produktseiten/820x600/12000245_1.webp,
12000246,Unverified,,1000,Santa's Workshop,,,https://i.ebayimg.com/images/g/zWsAAOSw-i9mqqrP/s-l1600.webp,https://i.ebayimg.com/images/g/zWsAAOSw-i9mqqrP/s-l1600.webp
12000247,No,,,,,,,
12000248,Yes,,1000,Edinburgh Romance,,,https://ravensburger.cloud/images/produktseiten/820x600/12000248_1.webp,
12000249,Yes,,1000,Cities of the World: Utrecht,,,https://ravensburger.cloud/images/produktseiten/820x600/12000249_1.webp,
12000250,Yes,,1000,Vintage Vinyl,,,https://ravensburger.cloud/images/produktseiten/820x600/12000250_1.webp,
12000251,Yes,,1000,"Serra de Tramuntana, Mallorca",Beautiful Mountains,,https://ravensburger.cloud/images/produktseiten/820x600/12000251_1.webp,
12000252,Yes,,1000,"Regenbogenberge, China",Beautiful Mountains,,https://ravensburger.cloud/images/produktseiten/820x600/12000252_1.webp,
12000253,Yes,,1000,"Fitz Roy, Patagonien",Beautiful Mountains,,https://ravensburger.cloud/images/produktseiten/820x600/12000253_1.webp,
12000254,Yes,,1000,"Berner Oberland, Mürren",Beautiful Mountains,,https://ravensburger.cloud/images/produktseiten/820x600/12000254_1.webp,
12000255,Yes,,1000,"Aspen, Colorado",Beautiful Mountains,,https://ravensburger.cloud/images/produktseiten/820x600/12000255_1.webp,
12000256,Yes,,1000,"Drei Zinnen, Dolomiten",Beautiful Mountains,,https://ravensburger.cloud/images/produktseiten/820x600/12000256_1.webp,
12000257,Yes,,1000,Snow White,Disney Castles,,https://ravensburger.cloud/images/produktseiten/820x600/12000257_1.webp,
12000258,Yes,,1000,Jasmin,Disney Castles,,https://ravensburger.cloud/images/produktseiten/820x600/12000258_1.webp,
12000259,Yes,,1000,Cinderella,Disney Castles,,https://ravensburger.cloud/images/produktseiten/820x600/12000259_1.webp,
12000260,Yes,,1000,Mulan,Disney Castles,,https://ravensburger.cloud/images/produktseiten/820x600/12000260_1.webp,
12000261,Yes,,1000,Elsa,Disney Castles,,https://ravensburger.cloud/images/produktseiten/820x600/12000261_1.webp,
12000262,Yes,,1000,Belle,Disney Castles,,https://ravensburger.cloud/images/produktseiten/820x600/12000262_1.webp,
12000263,Yes,,1000,Merida,Disney Castles,,https://ravensburger.cloud/images/produktseiten/820x600/12000263_1.webp,
12000264,Yes,,1000,Rapunzel,Disney Castles,,https://ravensburger.cloud/images/produktseiten/820x600/12000264_1.webp,
12000265,Yes,,1000,Arielle,Disney Castles,,https://ravensburger.cloud/images/produktseiten/820x600/12000265_1.webp,
12000266,Yes,,1000,Aurora,Disney Castles,,https://ravensburger.cloud/images/produktseiten/820x600/12000266_1.webp,
12000267,Yes,,1000,Darth Vader,Star Wars Villainous,,https://ravensburger.cloud/images/produktseiten/820x600/12000267_1.webp,
12000268,Yes,,1000,Kylo Ren,Star Wars Villainous,,https://ravensburger.cloud/images/produktseiten/820x600/12000268_1.webp,
12000269,Yes,,1000,Asajj Ventress,Star Wars Villainous,,https://ravensburger.cloud/images/produktseiten/820x600/12000269_1.webp,
12000270,Yes,,1000,General Grievous,Star Wars Villainous,,https://ravensburger.cloud/images/produktseiten/820x600/12000270_1.webp,
12000271,Yes,,1000,Moff Gideon,Star Wars Villainous,,https://ravensburger.cloud/images/produktseiten/820x600/12000271_1.webp,
12000272,Yes,,1000,"Happy Days, York",,,https://ravensburger.cloud/images/produktseiten/820x600/12000272_1.webp,
12000273,Yes,,1000,Pink Dreams,Lost Places,,https://ravensburger.cloud/images/produktseiten/820x600/12000273_1.webp,
12000274,Yes,,1000,Crumbling Dreams,Lost Places,,https://ravensburger.cloud/images/produktseiten/820x600/12000274_1.webp,
12000275,Yes,,1000,Bizarre Meal,Lost Places,,https://ravensburger.cloud/images/produktseiten/820x600/12000275_1.webp,
12000276,Yes,,736,Neon Green,Krypt,,https://ravensburger.cloud/images/produktseiten/820x600/12000276_1.webp,
12000277,Yes,,1000,Jaws,Artist Collection,,https://ravensburger.cloud/images/produktseiten/820x600/12000277_1.webp,
12000278,Yes,,1000,Zurück in die Zukunft,Artist Collection,,https://ravensburger.cloud/images/produktseiten/820x600/12000278_1.webp,
12000279,Yes,,1000,Down The Lane No.3 Seaview Lane,Down the Lane,,https://ravensburger.cloud/images/produktseiten/820x600/12000279_1.webp,
12000280,Yes,,1000,My Haven No. 10 The Garden Kitchen,My Haven,,https://ravensburger.cloud/images/produktseiten/820x600/12000280_1.webp,
12000281,Yes,17478,1000,Rainbow of Birds,,,https://www.ravensburger.org/produktseiten/1024/17478_1.jpg,https://ravensburger.cloud/images/produktseiten/820x600/12000281.webp
12000282,Yes,,1000,Cosy Café Collection No.1- Beach Garden Cafe,Cosy Café Collection,Anne Searle,https://ravensburger.cloud/images/produktseiten/820x600/12000282_1.webp,
12000283,Yes,,1000,Grandparent's Hideaway,,,https://ravensburger.cloud/images/produktseiten/820x600/12000283_1.webp,
12000284,Yes,,1000,"Books, Bits & Bobs",,,https://ravensburger.cloud/images/produktseiten/820x600/12000284_1.webp,
12000285,Yes,,1000,Der verwunschene Zirkus,Look and find,,https://ravensburger.cloud/images/produktseiten/820x600/12000285_1.webp,
12000286,Yes,,1000,Cottage Garden Favourites,,Anne Searle,https://ravensburger.cloud/images/produktseiten/820x600/12000286_1.webp,
12000287,Yes,,1000,Grandad's Locker,,Colin Thompson,https://ravensburger.cloud/images/produktseiten/820x600/12000287_1.webp,
12000288,Yes,,1000,Vintage No. 14 Crazy Cats... Afternoon at Tiddles,Vintage,,https://ravensburger.cloud/images/produktseiten/820x600/12000288_1.webp,
12000289,Yes,,1000,Leisure Days No. 7 Evening on the River,Leisure Days,Kevin Walsh,https://ravensburger.cloud/images/produktseiten/820x600/12000289_1.webp,
12000290,Yes,,1000,Hillside Cottage,Country Cottage,,https://ravensburger.cloud/images/produktseiten/820x600/12000290_1.webp,
12000291,Yes,,1000,Mystisches Regenbogenwetter,Power of Nature,,https://ravensburger.cloud/images/produktseiten/820x600/12000291_1.webp,
12000292,Yes,,1000,Faszinierender Wald,Power of Nature,,https://ravensburger.cloud/images/produktseiten/820x600/12000292_1.webp,
12000293,Yes,,1000,Cozy Cabin,,,https://ravensburger.cloud/images/produktseiten/820x600/12000293_1.webp,
12000294,Yes,,1027,Gradient Cascade,Meta Puzzle,Karen Puzzles,https://ravensburger.cloud/images/produktseiten/820x600/12000294_1.webp,
12000295,Yes,,1000,Backstage,,Aimee Stewart,https://ravensburger.cloud/images/produktseiten/820x600/12000295_1.webp,
12000296,Yes,,1000,Amsterdam,Cities of the World,Frans Le Roux,https://ravensburger.cloud/images/produktseiten/820x600/12000296_1.webp,
12000297,No,,,,,,,
12000298,Yes,,1000,Disney Pixar Movies,,,https://ravensburger.cloud/images/produktseiten/820x600/12000298_1.webp,
12000299,Yes,,1000,The Bizarre Bookshop,,Colin Thompson,https://ravensburger.cloud/images/produktseiten/820x600/12000299.webp,
12000300,Yes,,1000,Bizarre Bookshop 2,,Colin Thompson,https://ravensburger.cloud/images/produktseiten/820x600/12000300_1.webp,
12000301,,,,,,,https://ravensburger.cloud/images/produktseiten/820x600/12000301_1.webp,
12000302,,,,,,,https://ravensburger.cloud/images/produktseiten/820x600/12000302_1.webp,
12000303,,,,,,,https://ravensburger.cloud/images/produktseiten/820x600/12000303.webp,
12000304,,,,,,,https://ravensburger.cloud/images/produktseiten/820x600/12000304_1.webp,
12000305,,,,,,,https://ravensburger.cloud/images/produktseiten/820x600/12000305_1.webp,
12000306,,,,,,,https://ravensburger.cloud/images/produktseiten/820x600/12000306_1.webp,
12000307,,,,,,,https://ravensburger.cloud/images/produktseiten/820x600/12000307_1.webp,
12000308,,,,,,,https://ravensburger.cloud/images/produktseiten/820x600/12000308_1.webp,
12000309,,,,,,,https://ravensburger.cloud/images/produktseiten/820x600/12000309_1.webp,
12000310,,,,,,,https://ravensburger.cloud/images/produktseiten/820x600/12000310_1.webp,
12000311,,,,,,,https://ravensburger.cloud/images/produktseiten/820x600/12000311_1.webp,
12000312,,,,,,,https://ravensburger.cloud/images/produktseiten/820x600/12000312_1.webp,
12000313,,,,,,,https://ravensburger.cloud/images/produktseiten/820x600/12000313_1.webp,
12000314,,,,,,,https://ravensburger.cloud/images/produktseiten/820x600/12000314_1.webp,
12000315,,,,,,,https://ravensburger.cloud/images/produktseiten/820x600/12000315_1.webp,
12000316,,,,,,,https://ravensburger.cloud/images/produktseiten/820x600/12000316_1.webp,
12000317,,,,,,,https://ravensburger.cloud/images/produktseiten/820x600/12000317_1.webp,
12000318,,,,,,,https://ravensburger.cloud/images/produktseiten/820x600/12000318_1.webp,
12000319,,,,,,,https://ravensburger.cloud/images/produktseiten/820x600/12000319_1.webp,
12000320,,,,,,,https://ravensburger.cloud/images/produktseiten/820x600/12000320_1.webp,
12000321,,,,,,,https://ravensburger.cloud/images/produktseiten/820x600/12000321_1.webp,
12000322,,,,,,,https://ravensburger.cloud/images/produktseiten/820x600/12000322_1.webp,
12000323,,,,,,,https://m.media-amazon.com/images/I/91JjmCGpRUL._AC_SL1500_.jpg,https://ravensburger.cloud/images/produktseiten/820x600/12000323.webp
12000324,,,,,,,https://ravensburger.cloud/images/produktseiten/820x600/12000324_1.webp,
12000325,No,,,,,,,
12000326,No,,,,,,,
12000327,,,,,,,https://ravensburger.cloud/images/produktseiten/820x600/12000327_1.webp,
12000328,,,,,,,https://ravensburger.cloud/images/produktseiten/820x600/12000328_1.webp,
12000329,,,,,,,https://ravensburger.cloud/images/produktseiten/820x600/12000329_1.webp,
12000330,,,,,,,https://ravensburger.cloud/images/produktseiten/820x600/12000330_1.webp,
12000331,No,,,,,,,
12000332,,,,,,,https://ravensburger.cloud/images/produktseiten/820x600/12000332_1.webp,
12000333,,,,,,,https://ravensburger.cloud/images/produktseiten/820x600/12000333_1.webp,
12000334,,,,,,,https://ravensburger.cloud/images/produktseiten/820x600/12000334_1.webp,
12000335,,,,,,,https://ravensburger.cloud/images/produktseiten/820x600/12000335_1.webp,
12000336,,,,,,,https://ravensburger.cloud/images/produktseiten/820x600/12000336_1.webp,
12000337,,,,,,,https://ravensburger.cloud/images/produktseiten/820x600/12000337_1.webp,
12000338,,,,,,,https://ravensburger.cloud/images/produktseiten/820x600/12000338_1.webp,
12000339,,,,,,,https://ravensburger.cloud/images/produktseiten/820x600/12000339_1.webp,
12000340,,,,,,,https://ravensburger.cloud/images/produktseiten/820x600/12000340_1.webp,
12000341,,,,,,,https://ravensburger.cloud/images/produktseiten/820x600/12000341_1.webp,
12000342,,,,,,,https://ravensburger.cloud/images/produktseiten/820x600/12000342_1.webp,
12000343,,,,,,,https://ravensburger.cloud/images/produktseiten/820x600/12000343_1.webp,
12000344,,,,,,,https://ravensburger.cloud/images/produktseiten/820x600/12000344_1.webp,
12000345,,,,,,,https://ravensburger.cloud/images/produktseiten/820x600/12000345_1.webp,
12000346,No,,,,,,,
12000347,No,,,,,,,
12000348,,,,,,,https://ravensburger.cloud/images/produktseiten/820x600/12000348.webp,
12000349,,,,,,,https://ravensburger.cloud/images/produktseiten/820x600/12000349_1.webp,
12000350,,,,,,,https://ravensburger.cloud/images/produktseiten/820x600/12000350_1.webp,
12000351,,,,,,,https://ravensburger.cloud/images/produktseiten/820x600/12000351_1.webp,
12000352,,,,,,,https://ravensburger.cloud/images/produktseiten/820x600/12000352_1.webp,
12000353,,,,,,,https://ravensburger.cloud/images/produktseiten/820x600/12000353_1.webp,
12000354,,,,,,,https://ravensburger.cloud/images/produktseiten/820x600/12000354_1.webp,
12000355,,,,,,,https://ravensburger.cloud/images/produktseiten/820x600/12000355_1.webp,
12000356,,,,,,,https://ravensburger.cloud/images/produktseiten/820x600/12000356_1.webp,
12000357,,,,,,,https://ravensburger.cloud/images/produktseiten/820x600/12000357_1.webp,
12000358,,,,,,,https://ravensburger.cloud/images/produktseiten/820x600/12000358_1.webp,
12000359,,,,,,,https://ravensburger.cloud/images/produktseiten/820x600/12000359_1.webp,
12000360,,,,,,,https://ravensburger.cloud/images/produktseiten/820x600/12000360_1.webp,
12000361,,,,,,,https://ravensburger.cloud/images/produktseiten/820x600/12000361_1.webp,
12000362,,,,,,,https://ravensburger.cloud/images/produktseiten/820x600/12000362_1.webp,
12000363,,,,,,,https://ravensburger.cloud/images/produktseiten/820x600/12000363_1.webp,
12000364,,,,,,,https://ravensburger.cloud/images/produktseiten/820x600/12000364_1.webp,
12000365,,,,,,,https://ravensburger.cloud/images/produktseiten/820x600/12000365_1.webp,
12000366,,,,,,,https://ravensburger.cloud/images/produktseiten/820x600/12000366_1.webp,
12000367,,,,,,,https://ravensburger.cloud/images/produktseiten/820x600/12000367_1.webp,
12000368,,,,,,,https://ravensburger.cloud/images/produktseiten/820x600/12000368_1.webp,
12000369,,,,,,,https://ravensburger.cloud/images/produktseiten/820x600/12000369_1.webp,
12000370,,,,,,,https://ravensburger.cloud/images/produktseiten/820x600/12000370_1.webp,
12000371,,,,,,,https://ravensburger.cloud/images/produktseiten/820x600/12000371_1.webp,
12000372,,,,,,,https://ravensburger.cloud/images/produktseiten/820x600/12000372_1.webp,
12000373,,,,,,,https://ravensburger.cloud/images/produktseiten/820x600/12000373_1.webp,
12000374,No,,,,,,,
12000375,,,,,,,https://ravensburger.cloud/images/produktseiten/820x600/12000375_1.webp,
12000376,,,,,,,https://ravensburger.cloud/images/produktseiten/820x600/12000376_1.webp,
12000377,No,,,,,,,
12000378,No,,,,,,,
12000379,,,,,,,https://ravensburger.cloud/images/produktseiten/820x600/12000379_1.webp,
12000380,,,,,,,https://ravensburger.cloud/images/produktseiten/820x600/12000380_1.webp,
12000381,,,,,,,https://ravensburger.cloud/images/produktseiten/820x600/12000381_1.webp,
12000382,,,,,,,https://ravensburger.cloud/images/produktseiten/820x600/12000382_1.webp,
12000383,,,,,,,https://ravensburger.cloud/images/produktseiten/820x600/12000383.webp,
12000384,,,,,,,https://ravensburger.cloud/images/produktseiten/820x600/12000384.webp,
12000385,,,,,,,https://ravensburger.cloud/images/produktseiten/820x600/12000385_1.webp,
12000386,,,,,,,https://ravensburger.cloud/images/produktseiten/820x600/12000386_1.webp,
12000387,,,,,,,https://ravensburger.cloud/images/produktseiten/820x600/12000387_1.webp,
12000388,No,,,,,,,
12000389,,,,,,,https://ravensburger.cloud/images/produktseiten/820x600/12000389_1.webp,
12000390,,,,,,,https://ravensburger.cloud/images/produktseiten/820x600/12000390.webp,
12000391,,,,,,,https://ravensburger.cloud/images/produktseiten/820x600/12000391_1.webp,
12000392,,,,,,,https://ravensburger.cloud/images/produktseiten/820x600/12000392_1.webp,
12000393,,,,,,,https://ravensburger.cloud/images/produktseiten/820x600/12000393_1.webp,
12000394,,,,,,,https://ravensburger.cloud/images/produktseiten/820x600/12000394_1.webp,
12000395,,,,,,,https://ravensburger.cloud/images/produktseiten/820x600/12000395_1.webp,
12000396,,,,,,,https://ravensburger.cloud/images/produktseiten/820x600/12000396_1.webp,
12000397,,,,,,,https://ravensburger.cloud/images/produktseiten/820x600/12000397_1.webp,
12000398,,,,,,,https://ravensburger.cloud/images/produktseiten/820x600/12000398_1.webp,
12000399,,,,,,,https://ravensburger.cloud/images/produktseiten/820x600/12000399_1.webp,
12000400,,,,,,,https://ravensburger.cloud/images/produktseiten/820x600/12000400_1.webp,
12000401,,,,,,,https://ravensburger.cloud/images/produktseiten/820x600/12000401.webp,
12000402,,,,,,,https://ravensburger.cloud/images/produktseiten/820x600/12000402_1.webp,
12000403,,,,,,,https://ravensburger.cloud/images/produktseiten/820x600/12000403_1.webp,
12000404,,,,,,,https://ravensburger.cloud/images/produktseiten/820x600/12000404_1.webp,
12000405,,,,,,,https://ravensburger.cloud/images/produktseiten/820x600/12000405_1.webp,
12000406,,,,,,,https://ravensburger.cloud/images/produktseiten/820x600/12000406_1.webp,
12000407,,,,,,,https://ravensburger.cloud/images/produktseiten/820x600/12000407_1.webp,
12000408,,,,,,,https://ravensburger.cloud/images/produktseiten/820x600/12000408_1.webp,
12000409,,,,,,,https://ravensburger.cloud/images/produktseiten/820x600/12000409_1.webp,
12000410,,,,,,,https://ravensburger.cloud/images/produktseiten/820x600/12000410_1.webp,
12000411,,,,,,,https://ravensburger.cloud/images/produktseiten/820x600/12000411_1.webp,
12000412,,,,,,,https://ravensburger.cloud/images/produktseiten/820x600/12000412_1.webp,
12000413,,,,,,,https://ravensburger.cloud/images/produktseiten/820x600/12000413_1.webp,
12000414,,,,,,,https://ravensburger.cloud/images/produktseiten/820x600/12000414_1.webp,
12000415,,,,,,,https://ravensburger.cloud/images/produktseiten/820x600/12000415_1.webp,
12000416,,,,,,,https://ravensburger.cloud/images/produktseiten/820x600/12000416_1.webp,
12000417,,,,,,,https://ravensburger.cloud/images/produktseiten/820x600/12000417_1.webp,
12000418,,,,,,,https://ravensburger.cloud/images/produktseiten/820x600/12000418_1.webp,
12000419,,,,,,,https://ravensburger.cloud/images/produktseiten/820x600/12000419_1.webp,
12000420,,,,,,,https://ravensburger.cloud/images/produktseiten/820x600/12000420_1.webp,
12000421,,,,,,,https://ravensburger.cloud/images/produktseiten/820x600/12000421_1.webp,
12000422,,,,,,,https://ravensburger.cloud/images/produktseiten/820x600/12000422_1.webp,
12000423,,,,,,,https://ravensburger.cloud/images/produktseiten/820x600/12000423_1.webp,
12000424,,,,,,,https://ravensburger.cloud/images/produktseiten/820x600/12000424_1.webp,
12000425,,,,,,,https://ravensburger.cloud/images/produktseiten/820x600/12000425_1.webp,
12000426,,,,,,,https://ravensburger.cloud/images/produktseiten/820x600/12000426_1.webp,
12000427,,,,,,,https://ravensburger.cloud/images/produktseiten/820x600/12000427_1.webp,
12000428,,,,,,,https://ravensburger.cloud/images/produktseiten/820x600/12000428_1.webp,
12000429,,,,,,,https://ravensburger.cloud/images/produktseiten/820x600/12000429_1.webp,
12000430,,,,,,,https://ravensburger.cloud/images/produktseiten/820x600/12000430_1.webp,
12000431,,,,,,,https://ravensburger.cloud/images/produktseiten/820x600/12000431_1.webp,
12000432,,,,,,,https://ravensburger.cloud/images/produktseiten/820x600/12000432_1.webp,
12000433,,,,,,,https://ravensburger.cloud/images/produktseiten/820x600/12000433_1.webp,
12000434,,,,,,,https://ravensburger.cloud/images/produktseiten/820x600/12000434_1.webp,
12000435,,,,,,,https://ravensburger.cloud/images/produktseiten/820x600/12000435_1.webp,
12000436,,,,,,,https://ravensburger.cloud/images/produktseiten/820x600/12000436_1.webp,
12000437,,,,,,,https://ravensburger.cloud/images/produktseiten/820x600/12000437_1.webp,
12000438,,,,,,,https://ravensburger.cloud/images/produktseiten/820x600/12000438_1.webp,
12000439,,,,,,,https://ravensburger.cloud/images/produktseiten/820x600/12000439_1.webp,
12000440,,,,,,,https://ravensburger.cloud/images/produktseiten/820x600/12000440_1.webp,
12000441,,,,,,,https://ravensburger.cloud/images/produktseiten/820x600/12000441_1.webp,
12000442,,,,,,,https://ravensburger.cloud/images/produktseiten/820x600/12000442_1.webp,
12000443,,,,,,,https://ravensburger.cloud/images/produktseiten/820x600/12000443_1.webp,
12000444,,,,,,,https://ravensburger.cloud/images/produktseiten/820x600/12000444_1.webp,
12000445,,,,,,,https://ravensburger.cloud/images/produktseiten/820x600/12000445_1.webp,
12000446,,,,,,,https://ravensburger.cloud/images/produktseiten/820x600/12000446_1.webp,
12000447,,,,,,,https://ravensburger.cloud/images/produktseiten/820x600/12000447_1.webp,
12000448,,,,,,,https://ravensburger.cloud/images/produktseiten/820x600/12000448_1.webp,
12000449,,,,,,,https://ravensburger.cloud/images/produktseiten/820x600/12000449_1.webp,
12000450,,,,,,,https://ravensburger.cloud/images/produktseiten/820x600/12000450_1.webp,
12000451,,,,,,,https://ravensburger.cloud/images/produktseiten/820x600/12000451_1.webp,
12000452,,,,,,,https://ravensburger.cloud/images/produktseiten/820x600/12000452_1.webp,
12000453,No,,,,,,,
12000454,,,,,,,https://ravensburger.cloud/images/produktseiten/820x600/12000454_1.webp,
12000455,,,,,,,https://ravensburger.cloud/images/produktseiten/820x600/12000455_1.webp,
12000456,No,,,,,,,
12000457,,,,,,,https://ravensburger.cloud/images/produktseiten/820x600/12000457_1.webp,
12000458,,,,,,,https://ravensburger.cloud/images/produktseiten/820x600/12000458_1.webp,
12000459,,,,,,,https://ravensburger.cloud/images/produktseiten/820x600/12000459_1.webp,
12000460,,,,,,,https://ravensburger.cloud/images/produktseiten/820x600/12000460_1.webp,
12000461,,,,,,,https://ravensburger.cloud/images/produktseiten/820x600/12000461_1.webp,
12000462,,,,,,,https://ravensburger.cloud/images/produktseiten/820x600/12000462_1.webp,
12000463,,,,,,,https://ravensburger.cloud/images/produktseiten/820x600/12000463_1.webp,
12000464,,,,,,,https://ravensburger.cloud/images/produktseiten/820x600/12000464_1.webp,
12000465,,,,,,,https://ravensburger.cloud/images/produktseiten/820x600/12000465_1.webp,
12000466,,,,,,,https://ravensburger.cloud/images/produktseiten/820x600/12000466_1.webp,
12000467,,,,,,,https://ravensburger.cloud/images/produktseiten/820x600/12000467_1.webp,
12000468,,,,,,,https://ravensburger.cloud/images/produktseiten/820x600/12000468_1.webp,
12000469,,,,,,,https://ravensburger.cloud/images/produktseiten/820x600/12000469_1.webp,
12000470,,,,,,,https://ravensburger.cloud/images/produktseiten/820x600/12000470_1.webp,
12000471,,,,,,,https://ravensburger.cloud/images/produktseiten/820x600/12000471_2.webp,
12000472,,,,,,,https://ravensburger.cloud/images/produktseiten/820x600/12000472_1.webp,
12000473,,,,,,,https://ravensburger.cloud/images/produktseiten/820x600/12000473_1.webp,
12000474,,,,,,,https://ravensburger.cloud/images/produktseiten/820x600/12000474_1.webp,
12000475,,,,,,,https://ravensburger.cloud/images/produktseiten/820x600/12000475_1.webp,
12000476,,,,,,,https://ravensburger.cloud/images/produktseiten/820x600/12000476_2.webp,
12000477,,,,,,,https://ravensburger.cloud/images/produktseiten/820x600/12000477_1.webp,
12000478,,,,,,,https://ravensburger.cloud/images/produktseiten/820x600/12000478_2.webp,
12000479,,,,,,,https://ravensburger.cloud/images/produktseiten/820x600/12000479_1.webp,
12000480,,,,,,,https://ravensburger.cloud/images/produktseiten/820x600/12000480_1.webp,
12000481,,,,,,,https://ravensburger.cloud/images/produktseiten/820x600/12000481_1.webp,
12000482,,,,,,,https://ravensburger.cloud/images/produktseiten/820x600/12000482_1.webp,
12000483,,,,,,,https://ravensburger.cloud/images/produktseiten/820x600/12000483_1.webp,
12000484,,,,,,,https://ravensburger.cloud/images/produktseiten/820x600/12000484_1.webp,
12000485,,,,,,,https://ravensburger.cloud/images/produktseiten/820x600/12000485_1.webp,
12000486,,,,,,,https://ravensburger.cloud/images/produktseiten/820x600/12000486_1.webp,
12000487,,,,,,,https://ravensburger.cloud/images/produktseiten/820x600/12000487_1.webp,
12000488,,,,,,,https://ravensburger.cloud/images/produktseiten/820x600/12000488_1.webp,
12000489,,,,,,,https://ravensburger.cloud/images/produktseiten/820x600/12000489_1.webp,
12000490,,,,,,,https://ravensburger.cloud/images/produktseiten/820x600/12000490_1.webp,
12000491,,,,,,,https://ravensburger.cloud/images/produktseiten/820x600/12000491_1.webp,
12000492,,,,,,,https://ravensburger.cloud/images/produktseiten/820x600/12000492_1.webp,
12000493,,,,,,,https://ravensburger.cloud/images/produktseiten/820x600/12000493_1.webp,
12000494,,,,,,,https://ravensburger.cloud/images/produktseiten/820x600/12000494_1.webp,
12000495,,,,,,,https://ravensburger.cloud/images/produktseiten/820x600/12000495_1.webp,
12000496,,,,,,,https://ravensburger.cloud/images/produktseiten/820x600/12000496_1.webp,
12000497,,,,,,,https://ravensburger.cloud/images/produktseiten/820x600/12000497_1.webp,
12000498,,,,,,,https://ravensburger.cloud/images/produktseiten/820x600/12000498_1.webp,
12000499,,,,,,,https://ravensburger.cloud/images/produktseiten/820x600/12000499_1.webp,
12000500,,,,,,,https://ravensburger.cloud/images/produktseiten/820x600/12000500_1.webp,
12000501,,,,,,,https://m.media-amazon.com/images/I/91zthjc5J8L._AC_SL1500_.jpg,https://ravensburger.cloud/images/produktseiten/820x600/12000501.webp
12000502,,,,,,,https://ravensburger.cloud/images/produktseiten/820x600/12000502.webp,
12000503,,,,,,,https://ravensburger.cloud/images/produktseiten/820x600/12000503_1.webp,
12000504,,,,,,,https://ravensburger.cloud/images/produktseiten/820x600/12000504_1.webp,
12000505,,,,,,,https://ravensburger.cloud/images/produktseiten/820x600/12000505_1.webp,
12000506,No,,,,,,,
12000507,,,,,,,,
12000508,,,,,,,,
12000509,,,,,,,,
12000510,,,,,,,,
12000511,,,,,,,,
12000512,,,,,,,,
12000513,,,,,,,,
12000514,,,,,,,,
12000515,,,,,,,,
12000516,,,,,,,,
12000517,,,,,,,,
12000518,,,,,,,,
12000519,,,,,,,,
12000520,,,,,,,,
12000521,,,,,,,,
12000522,,,,,,,,
12000523,,,,,,,,
12000524,,,,,,,,
12000525,,,,,,,,
12000526,,,,,,,,
12000527,,,,,,,,
12000528,,,,,,,,
12000529,,,,,,,,
12000530,,,,,,,,
12000531,,,,,,,,
12000532,,,,,,,,
12000533,,,,,,,,
12000534,,,,,,,,
12000535,,,,,,,,
12000536,,,,,,,,
12000537,,,,,,,,
12000538,,,,,,,,
12000539,,,,,,,,
12000540,,,,,,,,
12000541,,,,,,,,
12000542,,,,,,,,
12000543,,,,,,,,
12000544,,,,,,,,
12000545,,,,,,,,
12000546,,,,,,,,
12000547,,,,,,,,
12000548,,,,,,,,
12000549,,,,,,,,
12000550,,,,,,,,
12000551,,,,,,,,
12000552,,,,,,,,
12000553,,,,,,,,
12000554,,,,,,,,
12000555,,,,,,,,
12000556,,,,,,,,
12000557,,,,,,,,
12000558,,,,,,,,
12000559,,,,,,,,
12000560,,,,,,,,
12000561,,,,,,,,
12000562,,,,,,,,
12000563,,,,,,,,
12000564,,,,,,,,
12000565,,,,,,,,
12000566,,,,,,,,
12000567,,,,,,,,
12000568,,,,,,,,
12000569,,,,,,,,
12000570,,,,,,,,
12000571,,,,,,,,
12000572,,,,,,,,
12000573,,,,,,,,
12000574,,,,,,,,
12000575,,,,,,,,
12000576,,,,,,,,
12000577,,,,,,,,
12000578,,,,,,,,
12000579,,,,,,,,
12000580,,,,,,,,
12000581,,,,,,,,
12000582,,,,,,,,
12000583,,,,,,,,
12000584,,,,,,,,
12000585,,,,,,,,
12000586,,,,,,,,
12000587,,,,,,,,
12000588,,,,,,,,
12000589,,,,,,,,
12000590,,,,,,,,
12000591,,,,,,,,
12000592,,,,,,,,
12000593,,,,,,,,
12000594,,,,,,,,
12000595,,,,,,,,
12000596,,,,,,,,
12000597,,,,,,,,
12000598,,,,,,,,
12000599,,,,,,,,
12000600,,,,,,,,
12000601,,,,,,,,
12000602,,,,,,,,
12000603,,,,,,,,
12000604,,,,,,,,
12000605,,,,,,,,
12000606,,,,,,,,
12000607,,,,,,,,
12000608,,,,,,,,
12000609,,,,,,,,
12000610,,,,,,,,
12000611,,,,,,,,
12000612,,,,,,,,
12000613,,,,,,,,
12000614,,,,,,,,
12000615,,,,,,,,
12000616,,,,,,,,
12000617,,,,,,,,
12000618,,,,,,,,
12000619,,,,,,,,
12000620,,,,,,,,
12000621,,,,,,,,
12000622,,,,,,,,
12000623,,,,,,,,
12000624,,,,,,,,
12000625,,,,,,,,
12000626,,,,,,,,
12000627,,,,,,,,
12000628,,,,,,,,
12000629,,,,,,,,
12000630,,,,,,,,
12000631,,,,,,,,
12000632,,,,,,,,
12000633,,,,,,,,
12000634,,,,,,,,
12000635,,,,,,,,
12000636,,,,,,,,
12000637,,,,,,,,
12000638,,,,,,,,
12000639,,,,,,,,
12000640,,,,,,,,
12000641,,,,,,,,
12000642,,,,,,,,
12000643,,,,,,,,
12000644,,,,,,,,
12000645,,,,,,,,
12000646,,,,,,,,
12000647,,,,,,,,
12000648,,,,,,,,
12000649,,,,,,,,
12000650,,,,,,,,
12000651,,,,,,,,
12000652,,,,,,,,
12000653,,,,,,,,
12000654,,,,,,,,
12000655,,,,,,,,
12000656,,,,,,,,
12000657,,,,,,,,
12000658,,,,,,,,
12000659,,,,,,,,
12000660,,,,,,,,
12000661,,,,,,,,
12000662,,,,,,,,
12000663,,,,,,,,
12000664,,,,,,,,
12000665,,,,,,,,
12000666,,,,,,,,
12000667,,,,,,,,
12000668,,,,,,,,
12000669,,,,,,,,
12000670,,,,,,,,
12000671,,,,,,,,
12000672,,,,,,,,
12000673,,,,,,,,
12000674,,,,,,,,
12000675,,,,,,,,
12000676,,,,,,,,
12000677,,,,,,,,
12000678,,,,,,,,
12000679,,,,,,,,
12000680,,,,,,,,
12000681,,,,,,,,
12000682,,,,,,,,
12000683,,,,,,,,
12000684,,,,,,,,
12000685,,,,,,,,
12000686,,,,,,,,
12000687,,,,,,,,
12000688,,,,,,,,
12000689,,,,,,,,
12000690,,,,,,,,
12000691,,,,,,,,
12000692,,,,,,,,
12000693,,,,,,,,
12000694,,,,,,,,
12000695,,,,,,,,
12000696,,,,,,,,
12000697,,,,,,,,
12000698,,,,,,,,
12000699,,,,,,,,
12000700,,,,,,,,
12000701,,,,,,,,
12000702,,,,,,,,
12000703,,,,,,,,
12000704,,,,,,,,
12000705,,,,,,,,
12000706,,,,,,,,
12000707,,,,,,,,
12000708,,,,,,,,
12000709,,,,,,,,
12000710,,,,,,,,
12000711,,,,,,,,
12000712,,,,,,,,
12000713,,,,,,,,
12000714,,,,,,,,
12000715,,,,,,,,
12000716,,,,,,,,
12000717,,,,,,,,
12000718,,,,,,,,
12000719,,,,,,,,
12000720,,,,,,,,
12000721,,,,,,,,
12000722,,,,,,,,
12000723,,,,,,,,
12000724,,,,,,,,
12000725,,,,,,,,
12000726,,,,,,,,
12000727,,,,,,,,
12000728,,,,,,,,
12000729,,,,,,,,
12000730,,,,,,,,
12000731,,,,,,,,
12000732,,,,,,,,
12000733,,,,,,,,
12000734,,,,,,,,
12000735,,,,,,,,
12000736,,,,,,,,
12000737,,,,,,,,
12000738,,,,,,,,
12000739,,,,,,,,
12000740,,,,,,,,
12000741,,,,,,,,
12000742,,,,,,,,
12000743,,,,,,,,
12000744,,,,,,,,
12000745,,,,,,,,
12000746,,,,,,,,
12000747,,,,,,,,
12000748,,,,,,,,
12000749,,,,,,,,
12000750,,,,,,,,
12000751,,,,,,,,
12000752,,,,,,,,
12000753,,,,,,,,
12000754,,,,,,,,
12000755,,,,,,,,
12000756,,,,,,,,
12000757,,,,,,,,
12000758,,,,,,,,
12000759,,,,,,,,
12000760,,,,,,,,
12000761,,,,,,,,
12000762,,,,,,,,
12000763,,,,,,,,
12000764,,,,,,,,
12000765,,,,,,,,
12000766,,,,,,,,
12000767,,,,,,,,
12000768,,,,,,,,
12000769,,,,,,,,
12000770,,,,,,,,
12000771,,,,,,,,
12000772,,,,,,,,
12000773,,,,,,,,
12000774,,,,,,,,
12000775,,,,,,,,
12000776,,,,,,,,
12000777,,,,,,,,
12000778,,,,,,,,
12000779,,,,,,,,
12000780,,,,,,,,
12000781,,,,,,,,
12000782,,,,,,,,
12000783,,,,,,,,
12000784,,,,,,,,
12000785,,,,,,,,
12000786,,,,,,,,
12000787,,,,,,,,
12000788,,,,,,,,
12000789,,,,,,,,
12000790,,,,,,,,
12000791,,,,,,,,
12000792,,,,,,,,
12000793,,,,,,,,
12000794,,,,,,,,
12000795,,,,,,,,
12000796,,,,,,,,
12000797,,,,,,,,
12000798,,,,,,,,
12000799,,,,,,,,
12000800,,,,,,,,
12000801,,,,,,,,
12000802,,,,,,,,
12000803,,,,,,,,
12000804,,,,,,,,
12000805,,,,,,,,
12000806,,,,,,,,
12000807,,,,,,,,
12000808,,,,,,,,
12000809,,,,,,,,
12000810,,,,,,,,
12000811,,,,,,,,
12000812,,,,,,,,
12000813,,,,,,,,
12000814,,,,,,,,
12000815,,,,,,,,
12000816,,,,,,,,
12000817,,,,,,,,
12000818,,,,,,,,
12000819,,,,,,,,
12000820,,,,,,,,
12000821,,,,,,,,
12000822,,,,,,,,
12000823,,,,,,,,
12000824,,,,,,,,
12000825,,,,,,,,
12000826,,,,,,,,
12000827,,,,,,,,
12000828,,,,,,,,
12000829,,,,,,,,
12000830,,,,,,,,
12000831,,,,,,,,
12000832,,,,,,,,
12000833,,,,,,,,
12000834,,,,,,,,
12000835,,,,,,,,
12000836,,,,,,,,
12000837,,,,,,,,
12000838,,,,,,,,
12000839,,,,,,,,
12000840,,,,,,,,
12000841,,,,,,,,
12000842,,,,,,,,
12000843,,,,,,,,
12000844,,,,,,,,
12000845,,,,,,,,
12000846,,,,,,,,
12000847,,,,,,,,
12000848,,,,,,,,
12000849,,,,,,,,
12000850,,,,,,,,
12000851,,,,,,,,
12000852,,,,,,,,
12000853,,,,,,,,
12000854,,,,,,,,
12000855,,,,,,,,
12000856,,,,,,,,
12000857,,,,,,,,
12000858,,,,,,,,
12000859,,,,,,,,
12000860,,,,,,,,
12000861,,,,,,,,
12000862,,,,,,,,
12000863,,,,,,,,
12000864,,,,,,,,
12000865,,,,,,,,
12000866,,,,,,,,
12000867,,,,,,,,
12000868,,,,,,,,
12000869,,,,,,,,
12000870,,,,,,,,
12000871,,,,,,,,
12000872,,,,,,,,
12000873,,,,,,,,
12000874,,,,,,,,
12000875,,,,,,,,
12000876,,,,,,,,
12000877,,,,,,,,
12000878,,,,,,,,
12000879,,,,,,,,
12000880,,,,,,,,
12000881,,,,,,,,
12000882,,,,,,,,
12000883,,,,,,,,
12000884,,,,,,,,
12000885,,,,,,,,
12000886,,,,,,,,
12000887,,,,,,,,
12000888,,,,,,,,
12000889,,,,,,,,
12000890,,,,,,,,
12000891,,,,,,,,
12000892,,,,,,,,
12000893,,,,,,,,
12000894,,,,,,,,
12000895,,,,,,,,
12000896,,,,,,,,
12000897,,,,,,,,
12000898,,,,,,,,
12000899,,,,,,,,
12000900,,,,,,,,
12000901,,,,,,,,
12000902,,,,,,,,
12000903,,,,,,,,
12000904,,,,,,,,
12000905,,,,,,,,
12000906,,,,,,,,
12000907,,,,,,,,
12000908,,,,,,,,
12000909,,,,,,,,
12000910,,,,,,,,
12000911,,,,,,,,
12000912,,,,,,,,
12000913,,,,,,,,
12000914,,,,,,,,
12000915,,,,,,,,
12000916,,,,,,,,
12000917,,,,,,,,
12000918,,,,,,,,
12000919,,,,,,,,
12000920,,,,,,,,
12000921,,,,,,,,
12000922,,,,,,,,
12000923,,,,,,,,
12000924,,,,,,,,
12000925,,,,,,,,
12000926,,,,,,,,
12000927,,,,,,,,
12000928,,,,,,,,
12000929,,,,,,,,
12000930,,,,,,,,
12000931,,,,,,,,
12000932,,,,,,,,
12000933,,,,,,,,
12000934,,,,,,,,
12000935,,,,,,,,
12000936,,,,,,,,
12000937,,,,,,,,
12000938,,,,,,,,
12000939,,,,,,,,
12000940,,,,,,,,
12000941,,,,,,,,
12000942,,,,,,,,
12000943,,,,,,,,
12000944,,,,,,,,
12000945,,,,,,,,
12000946,,,,,,,,
12000947,,,,,,,,
12000948,,,,,,,,
12000949,,,,,,,,
12000950,,,,,,,,
12000951,,,,,,,,
12000952,,,,,,,,
12000953,,,,,,,,
12000954,,,,,,,,
12000955,,,,,,,,
12000956,,,,,,,,
12000957,,,,,,,,
12000958,,,,,,,,
12000959,,,,,,,,
12000960,,,,,,,,
12000961,,,,,,,,
12000962,,,,,,,,
12000963,,,,,,,,
12000964,,,,,,,,
12000965,,,,,,,,
12000966,,,,,,,,
12000967,,,,,,,,
12000968,,,,,,,,
12000969,,,,,,,,
12000970,,,,,,,,
12000971,,,,,,,,
12000972,,,,,,,,
12000973,,,,,,,,
12000974,,,,,,,,
12000975,,,,,,,,
12000976,,,,,,,,
12000977,,,,,,,,
12000978,,,,,,,,
12000979,,,,,,,,
12000980,,,,,,,,
12000981,,,,,,,,
12000982,,,,,,,,
12000983,,,,,,,,
12000984,,,,,,,,
12000985,,,,,,,,
12000986,,,,,,,,
12000987,,,,,,,,
12000988,,,,,,,,
12000989,,,,,,,,
12000990,,,,,,,,
12000991,,,,,,,,
12000992,,,,,,,,
12000993,,,,,,,,
12000994,,,,,,,,
12000995,,,,,,,,
12000996,,,,,,,,
12000997,,,,,,,,
12000998,,,,,,,,
12000999,,,,,,,,
12001000,,,,,,,,
12001001,,,,,,,,
12001002,,,,,,,,
12001003,,,,,,,,
12001004,,,,,,,,
12001005,,,,,,,,
12001006,,,,,,,,
12001007,,,,,,,,
12001008,,,,,,,,
12001009,,,,,,,,
12001010,,,,,,,,
12001011,,,,,,,,
12001012,,,,,,,,
12001013,,,,,,,,
12001014,,,,,,,,
12001015,,,,,,,,
12001016,,,,,,,,
12001017,,,,,,,,
12001018,,,,,,,,
12001019,,,,,,,,
12001020,,,,,,,,
12001021,,,,,,,,
12001022,,,,,,,,
12001023,,,,,,,,
12001024,,,,,,,,
12001025,,,,,,,,
12001026,,,,,,,,
12001027,,,,,,,,
12001028,,,,,,,,
12001029,,,,,,,,
12001030,,,,,,,,
12001031,,,,,,,,
12001032,,,,,,,,
12001033,,,,,,,,
12001034,,,,,,,,
12001035,,,,,,,,
12001036,,,,,,,,
12001037,,,,,,,,
12001038,,,,,,,,
12001039,,,,,,,,
12001040,,,,,,,,
12001041,,,,,,,,
12001042,,,,,,,,
12001043,,,,,,,,
12001044,,,,,,,,
12001045,,,,,,,,
12001046,,,,,,,,
12001047,,,,,,,,
12001048,,,,,,,,
12001049,,,,,,,,
12001050,,,,,,,,
12001051,,,,,,,,
12001052,,,,,,,,
12001053,,,,,,,,
12001054,,,,,,,,
12001055,,,,,,,,
12001056,,,,,,,,
12001057,,,,,,,,
12001058,,,,,,,,
12001059,,,,,,,,
12001060,,,,,,,,
12001061,,,,,,,,
12001062,,,,,,,,
12001063,,,,,,,,
12001064,,,,,,,,
12001065,,,,,,,,
12001066,,,,,,,,
12001067,,,,,,,,
12001068,,,,,,,,
12001069,,,,,,,,
12001070,,,,,,,,
12001071,,,,,,,,
12001072,,,,,,,,
12001073,,,,,,,,
12001074,,,,,,,,
12001075,,,,,,,,
12001076,,,,,,,,
12001077,,,,,,,,
12001078,,,,,,,,
12001079,,,,,,,,
12001080,,,,,,,,
12001081,,,,,,,,
12001082,,,,,,,,
12001083,,,,,,,,
12001084,,,,,,,,
12001085,,,,,,,,
12001086,,,,,,,,
12001087,,,,,,,,
12001088,,,,,,,,
12001089,,,,,,,,
12001090,,,,,,,,
12001091,,,,,,,,
12001092,,,,,,,,
12001093,,,,,,,,
12001094,,,,,,,,
12001095,,,,,,,,
12001096,,,,,,,,
12001097,,,,,,,,
12001098,,,,,,,,
12001099,,,,,,,,
12001100,,,,,,,,
12001101,,,,,,,,
12001102,,,,,,,,
12001103,,,,,,,,
12001104,,,,,,,,
12001105,,,,,,,,
12001106,,,,,,,,
12001107,,,,,,,,
12001108,,,,,,,,
12001109,,,,,,,,
12001110,,,,,,,,
12001111,,,,,,,,
12001112,,,,,,,,
12001113,,,,,,,,
12001114,,,,,,,,
12001115,,,,,,,,
12001116,,,,,,,,
12001117,,,,,,,,
12001118,,,,,,,,
12001119,,,,,,,,
12001120,,,,,,,,
12001121,,,,,,,,
12001122,,,,,,,,
12001123,,,,,,,,
12001124,,,,,,,,
12001125,,,,,,,,
12001126,,,,,,,,
12001127,,,,,,,,
12001128,,,,,,,,
12001129,,,,,,,,
12001130,,,,,,,,
12001131,,,,,,,,
12001132,,,,,,,,
12001133,,,,,,,,
12001134,,,,,,,,
12001135,,,,,,,,
12001136,,,,,,,,
12001137,,,,,,,,
12001138,,,,,,,,
12001139,,,,,,,,
12001140,,,,,,,,
12001141,,,,,,,,
12001142,,,,,,,,
12001143,,,,,,,,
12001144,,,,,,,,
12001145,,,,,,,,
12001146,,,,,,,,
12001147,,,,,,,,
12001148,,,,,,,,
12001149,,,,,,,,
12001150,,,,,,,,
12001151,,,,,,,,
12001152,,,,,,,,
12001153,,,,,,,,
12001154,,,,,,,,
12001155,,,,,,,,
12001156,,,,,,,,
12001157,,,,,,,,
12001158,,,,,,,,
12001159,,,,,,,,
12001160,,,,,,,,
12001161,,,,,,,,
12001162,,,,,,,,
12001163,,,,,,,,
12001164,,,,,,,,
12001165,,,,,,,,
12001166,,,,,,,,
12001167,,,,,,,,
12001168,,,,,,,,
12001169,,,,,,,,
12001170,,,,,,,,
12001171,,,,,,,,
12001172,,,,,,,,
12001173,,,,,,,,
12001174,,,,,,,,
12001175,,,,,,,,
12001176,,,,,,,,
12001177,,,,,,,,
12001178,,,,,,,,
12001179,,,,,,,,
12001180,,,,,,,,
12001181,,,,,,,,
12001182,,,,,,,,
12001183,,,,,,,,
12001184,,,,,,,,
12001185,,,,,,,,
12001186,,,,,,,,
12001187,,,,,,,,
12001188,,,,,,,,
12001189,,,,,,,,
12001190,,,,,,,,
12001191,,,,,,,,
12001192,,,,,,,,
12001193,,,,,,,,
12001194,,,,,,,,
12001195,,,,,,,,
12001196,,,,,,,,
12001197,,,,,,,,
12001198,,,,,,,,
12001199,,,,,,,,
12001200,,,,,,,,
12001201,,,,,,,,
12001202,,,,,,,,
12001203,,,,,,,,
12001204,,,,,,,,
12001205,,,,,,,,
12001206,,,,,,,,
12001207,,,,,,,,
12001208,,,,,,,,
12001209,,,,,,,,
12001210,,,,,,,,
12001211,,,,,,,,
12001212,,,,,,,,
12001213,,,,,,,,
12001214,,,,,,,,
12001215,,,,,,,,
12001216,,,,,,,,
12001217,,,,,,,,
12001218,,,,,,,,
12001219,,,,,,,,
12001220,,,,,,,,
12001221,,,,,,,,
12001222,,,,,,,,
12001223,,,,,,,,
12001224,,,,,,,,
12001225,,,,,,,,
12001226,,,,,,,,
12001227,,,,,,,,
12001228,,,,,,,,
12001229,,,,,,,,
12001230,,,,,,,,
12001231,,,,,,,,
12001232,,,,,,,,
12001233,,,,,,,,
12001234,,,,,,,,
12001235,,,,,,,,
12001236,,,,,,,,
12001237,,,,,,,,
12001238,,,,,,,,
12001239,,,,,,,,
12001240,,,,,,,,
12001241,,,,,,,,
12001242,,,,,,,,
12001243,,,,,,,,
12001244,,,,,,,,
12001245,,,,,,,,
12001246,,,,,,,,
12001247,,,,,,,,
12001248,,,,,,,,
12001249,,,,,,,,
12001250,,,,,,,,
12001251,,,,,,,,
12001252,,,,,,,,
12001253,,,,,,,,
12001254,,,,,,,,
12001255,,,,,,,,
12001256,,,,,,,,
12001257,,,,,,,,
12001258,,,,,,,,
12001259,,,,,,,,
12001260,,,,,,,,
12001261,,,,,,,,
12001262,,,,,,,,
12001263,,,,,,,,
12001264,,,,,,,,
12001265,,,,,,,,
12001266,,,,,,,,
12001267,,,,,,,,
12001268,,,,,,,,
12001269,,,,,,,,
12001270,,,,,,,,
12001271,,,,,,,,
12001272,,,,,,,,
12001273,,,,,,,,
12001274,,,,,,,,
12001275,,,,,,,,
12001276,,,,,,,,
12001277,,,,,,,,
12001278,,,,,,,,
12001279,,,,,,,,
12001280,,,,,,,,
12001281,,,,,,,,
12001282,,,,,,,,
12001283,,,,,,,,
12001284,,,,,,,,
12001285,,,,,,,,
12001286,,,,,,,,
12001287,,,,,,,,
12001288,,,,,,,,
12001289,,,,,,,,
12001290,,,,,,,,
12001291,,,,,,,,
12001292,,,,,,,,
12001293,,,,,,,,
12001294,,,,,,,,
12001295,,,,,,,,
12001296,,,,,,,,
12001297,,,,,,,,
12001298,,,,,,,,
12001299,,,,,,,,
12001300,,,,,,,,
12001301,,,,,,,,
12001302,,,,,,,,
12001303,,,,,,,,
12001304,,,,,,,,
12001305,,,,,,,,
12001306,,,,,,,,
12001307,,,,,,,,
12001308,,,,,,,,
12001309,,,,,,,,
12001310,,,,,,,,
12001311,,,,,,,,
12001312,,,,,,,,
12001313,,,,,,,,
12001314,Yes,,1000,"Nationaler Palast von Pena, Portugal",Beautiful Castles,,,
12001315,Yes,,1000,"Schloss von Versailles, Frankreich",Beautiful Castles,,,
12001316,Yes,,1000,"Burg Himeji, Japan",Beautiful Castles,,,
12001317,Yes,,1000,"Schloss Sigmaringen, Deutschland",Beautiful Castles,,,
12001318,,,,,,,,
12001319,,,,,,,,
12001320,,,,,,,,
12001321,,,,,,,,
12001322,,,,,,,,
12001323,Yes,,200,Rooster General,Puzzle Moments,,,
12001324,,,,,,,,
12001325,,,,,,,,
12001326,,,,,,,,
12001327,,,,,,,,
12001328,,,,,,,,
12001329,,,,,,,,
12001330,,,,,,,,
12001331,,,,,,,,
12001332,,,,,,,,
12001333,,,,,,,,
12001334,,,,,,,,
12001335,,,,,,,,
12001336,Yes,,1000,"Schloss Rosenborg, Dänemark",Beautiful Castles,,,
12001337,Yes,,1000,"Schloss Eilean Donan, Schottland",Beautiful Castles,,,
12001338,,,,,,,,
12001339,,,,,,,,
12001340,,,,,,,,
12001341,Yes,,2000,Universal Multiproperty - Universal Monsters,,,,
12001342,,,,,,,,
12001343,,,,,,,,
12001344,,,,,,,,
12001345,Yes,,1000,Justice League - Green Lantern,,,,
12001346,Yes,,1000,Justice League - Aquaman,,,,
12001347,Yes,,1000,Justice League - Cyborg,,,,
12001348,,,,,,,,
12001349,,,,,,,,
12001350,,,,,,,,
12001351,,,,,,,,
12001352,,,,,,,,
12001353,,,,,,,,
12001354,,,,,,,,
12001355,,,,,,,,
12001356,,,,,,,,
12001357,,,,,,,,
12001358,,,,,,,,
12001359,,,,,,,,
12001360,,,,,,,,
12001361,,,,,,,,
12001362,,,,,,,,
12001363,,,,,,,,
12001364,,,,,,,,
12001365,,,,,,,,
12001366,,,,,,,,
12001367,,,,,,,,
12001368,,,,,,,,
12001369,,,,,,,,
12001370,,,,,,,,
12001371,,,,,,,,
12001372,,,,,,,,
12001373,,,,,,,,
12001374,,,,,,,,
12001375,,,,,,,,
12001376,,,,,,,,
12001377,,,,,,,,
12001378,,,,,,,,
12001379,,,,,,,,
12001380,,,,,,,,
12001381,,,,,,,,
12001382,,,,,,,,
12001383,Yes,,500,Dolomitenidylle Seiser Alm,,,https://ravensburger.cloud/images/produktseiten/650x445/12001383_1.webp,
12001384,Yes,,500,Tigerfamilie in der Oase,,,,
12001385,,,,,,,,
12001386,Yes,,500,Pilze im Mondschein,Star Line,,,
12001387,,,,,,,,
12001388,,,,,,,,
12001389,,,,,,,,
12001390,,,,,,,,
12001391,,,,,,,,
12001392,,,,,,,,
12001393,,,,,,,,
12001394,,,,,,,,
12001395,Yes,,1500,Wilkommen in Ödland,,,,
12001396,,,,,,,,
12001397,,,,,,,,
12001398,Yes,,1500,Wundersamer Hafen,,,,
12001399,,,,,,,,
12001400,,,,,,,,
12001401,,,,,,,,
12001402,,,,,,,,
12001403,,,,,,,,
12001404,,,,,,,,
12001405,,,,,,,,
12001406,,,,,,,,
12001407,,,,,,,,
12001408,,,,,,,,
12001409,,,,,,,,
12001410,,,,,,,,
12001411,,,,,,,,
12001412,,,,,,,,
12001413,,,,,,,,
12001414,,,,,,,,
12001415,,,,,,,,
12001416,,,,,,,,
12001417,Yes,,2000,Weihnachten im Wald,,,,
12001418,Yes,,3000,Drachenbibliothek,,,,
12001419,,,,,,,,
12001420,,,,,,,,
12001421,Yes,,5000,Pilze & Mythen,,,,
12001422,Yes,,7000,The Six Portals,,,,
12001423,Yes,,7000,Flüstern des Waldes,,,,
12001424,,,,,,,,
12001425,Yes,,1000,Ausflug nach Tübingen,Deutschland Collection,,,
12001426,,,,,,,,
12001427,Yes,,1000,Gelini im Unterwasserspaß,,,,
12001428,,,,,,,,
12001429,,,,,,,,
12001430,,,,,,,,
12001431,,,,,,,,
12001432,,,,,,,,
12001433,Yes,,1000,Venedig von Tag zu Nacht,,,,
12001434,,,,,,,,
12001435,,,,,,,,
12001436,,,,,,,,
12001437,Yes,,1000,Schöne Türen in der französischen Provinz,,,,
12001438,Yes,,1000,Bunter Vogel,,,,
12001439,,,,,,,,
12001440,Yes,,1000,"Bibliothek in St. Florian Monastery, Österreich",,,,
12001441,,,,,,,,
12001442,,,,,,,,
12001443,,,,,,,,
12001444,,,,,,,,
12001445,,,,,,,,
12001446,,,,,,,,
12001447,,,,,,,,
12001448,,,,,,,,
12001449,,,,,,,,
12001450,,,,,,,,
12001451,,,,,,,,
12001452,,,,,,,,
12001453,,,,,,,,
12001454,,,,,,,,
12001455,,,,,,,,
12001456,,,,,,,,
12001457,,,,,,,,
12001458,,,,,,,,
12001459,,,,,,,,
12001460,,,,,,,,
12001461,,,,,,,,
12001462,,,,,,,,
12001463,,,,,,,,
12001464,,,,,,,,
12001465,,,,,,,,
12001466,,,,,,,,
12001467,,,,,,,,
12001468,,,,,,,,
12001469,,,,,,,,
12001470,,,,,,,,
12001471,,,,,,,,
12001472,,,,,,,,
12001473,,,,,,,,
12001474,,,,,,,,
12001475,Yes,,1000,"Frida Kahlo's Paradies: Papageien, Affen und Blüten",,,,
12001476,,,,,,,,
12001477,,,,,,,,
12001478,,,,,,,,
12001479,,,,,,,,
12001480,,,,,,,,
12001481,,,,,,,,
12001482,,,,,,,,
12001483,,,,,,,,
12001484,,,,,,,,
12001485,,,,,,,,
12001486,,,,,,,,
12001487,,,,,,,,
12001488,,,,,,,,
12001489,Yes,,500,Weltreise - Pinnwand,,,,
12001490,Yes,,1000,Valladolid,,,,
12001491,,,,,,,,
12001492,,,,,,,,
12001493,,,,,,,,
12001494,,,,,,,,
12001495,Yes,,1000,Barbie - Triff mich in Malibu,,,,
12001496,Yes,,1000,Wednesday: Staffel 2,,,,
12001497,Yes,,1000,Bridgerton - Sehen und gesehen werden,,,,
12001498,,,,,,,,
12001499,,,,,,,,
12001500,,,,,,,,
12001501,Yes,,500,Disney The Nightmare Before Christmas - König des Schreckens,,,,
12001502,Yes,,1000,Stranger Things - See You On The Other Side,,,,
12001503,,,,,,,,
12001504,,,,,,,,
12001505,,,,,,,,
12001506,Yes,,1000,FC Bayern München Saison 2025/2026,,,,
12001507,Yes,,1000,Harry Potter - Ferien in Hogwarts,,,,
12001508,Yes,,1000,Der letzte Sohn von Krypton,DC Comics,,,
12001509,Yes,,500,Harry Potter - Leuchtender Patronus,,,,
12001510,,,,,,,,
12001511,,,,,,,,
12001512,,,,,,,,
12001513,,,,,,,,
12001514,,,,,,,,
12001515,,,,,,,,
12001516,,,,,,,,
12001517,,,,,,,,
12001518,,,,,,,,
12001519,,,,,,,,
12001520,,,,,,,,
12001521,,,,,,,,
12001522,,,,,,,,
12001523,,,,,,,,
12001524,,,,,,,,
12001525,,,,,,,,
12001526,,,,,,,,
12001527,,,,,,,,
12001528,,,,,,,,
12001529,,,,,,,,
12001530,,,,,,,,
12001531,,,,,,,,
12001532,,,,,,,,
12001533,,,,,,,,
12001534,,,,,,,,
12001535,,,,,,,,
12001536,,,,,,,,
12001537,,,,,,,,
12001538,Yes,,300,Wednesday,Wooden Puzzle,,,
12001539,Yes,,500,Weihnachtsmarkt,Wooden Puzzle,,,
12001540,Yes,,300,Frida Kahlo,Wooden Puzzle,,,
12001541,,,,,,,,
12001542,,,,,,,,
12001543,Yes,,750,"Glücklicher Ort, gemütlicher Ort",,,,
12001544,Yes,,750,Titanic,,,,
12001545,,,,,,,,
12001546,,,,,,,,
12001547,,,,,,,,
12001548,,,,,,,,
12001549,,,,,,,,
12001550,,,,,,,,
12001551,,,,,,,,
12001552,,,,,,,,
12001553,,,,,,,,
12001554,,,,,,,,
12001555,,,,,,,,
12001556,,,,,,,,
12001557,,,,,,,,
12001558,,,,,,,,
12001559,,,,,,,,
12001560,,,,,,,,
12001561,,,,,,,,
12001562,,,,,,,,
12001563,,,,,,,,
12001564,,,,,,,,
12001565,,,,,,,,
12001566,,,,,,,,
12001567,,,,,,,,
12001568,,,,,,,,
12001569,,,,,,,,
12001570,,,,,,,,
12001571,,,,,,,,
12001572,,,,,,,,
12001573,,,,,,,,
12001574,,,,,,,,
12001575,,,,,,,,
12001576,,,,,,,,
12001577,,,,,,,,
12001578,,,,,,,,
12001579,Yes,,1000,Disney Stitch - Lilo & Stitch,,,,
12001580,Yes,,1000,Wicked Movie Teil 2,,,,
12001581,Yes,,1500,Wicked Movie Teil 2,,,,
12001582,,,,,,,,
12001583,,,,,,,,
12001584,,,,,,,,
12001585,,,,,,,,
12001586,,,,,,,,
12001587,,,,,,,,
12001588,,,,,,,,
12001589,,,,,,,,
12001590,,,,,,,,
12001591,,,,,,,,
12001592,,,,,,,,
12001593,,,,,,,,
12001594,,,,,,,,
12001595,,,,,,,,
12001596,,,,,,,,
12001597,,,,,,,,
12001598,,,,,,,,
12001599,,,,,,,,
12001600,,,,,,,,
12001601,,,,,,,,
12001602,,,,,,,,
12001603,,,,,,,,
12001604,Yes,,1000,Sacred Lake Tahoe,USA Jigsaw Nationals,,,
12001605,,,,,,,,
12001606,,,,,,,,
12001607,,,,,,,,
12001608,,,,,,,,
12001609,,,,,,,,
12001610,,,,,,,,
12001611,,,,,,,,
12001612,,,,,,,,
12001613,,,,,,,,
12001614,,,,,,,,
12001615,,,,,,,,
12001616,,,,,,,,
12001617,,,,,,,,
12001618,,,,,,,,
12001619,,,,,,,,
12001620,,,,,,,,
12001621,Yes,,1000,Disney Lorcana - Glimmers of the Realm: Amber,,,,
12001622,Yes,,1000,Disney Lorcana - Glimmers of the Realm: Amethyst,,,,
12001623,Yes,,1000,Disney Lorcana - Glimmers of the Realm: Emerald,,,,
12001624,Yes,,1000,Disney Lorcana - Glimmers of the Realm: Ruby,,,,
12001625,Yes,,1000,Disney Lorcana - Glimmers of the Realm: Sapphire,,,,
12001626,Yes,,1000,Disney Lorcana - Glimmers of the Realm: Steel,,,,
12001627,,,,,,,,
12001628,,,,,,,,
12001629,,,,,,,,
12001630,,,,,,,,
12001631,Yes,,1000,Getrockneter Allium in der Gießkanne,Landlust,,,
12001632,Yes,,1000,Sommerlicher Wiesenstrauß mit Himmelblauem Südstern,Landlust,,,
12001633,Yes,,500,Blumengruß am Gartentisch,Landlust,,,
12001634,,,500,Sommerbunte Löwenmäulchen,Landlust,,,
12001635,,,,,,,,
12001636,,,,,,,,
12001637,,,,,,,,
12001638,,,,,,,,
12001639,,,,,,,,
12001640,,,,,,,,
12001641,,,,,,,,
12001642,,,,,,,,
12001643,,,,,,,,
12001644,,,,,,,,
12001645,,,,,,,,
12001646,,,,,,,,
12001647,,,,,,,,
12001648,,,,,,,,
12001649,,,,,,,,
12001650,,,,,,,,
12001651,,,,,,,,
12001652,,,,,,,,
12001653,,,,,,,,
12001654,,,,,,,,
12001655,,,,,,,,
12001656,,,,,,,,
12001657,Yes,,500,Spongebob,,,,
12001658,,,,,,,,
12001659,,,,,,,,
12001660,,,,,,,,
12001661,,,,,,,,
12001662,,,,,,,,
12001663,,,,,,,,
12001664,,,,,,,,
12001665,,,,,,,,
12001666,,,,,,,,
12001667,,,,,,,,
12001668,,,,,,,,
12001669,,,,,,,,
12001670,,,,,,,,
12001671,,,,,,,,
12001672,,,,,,,,
12001673,,,,,,,,
12001674,,,,,,,,
12001675,,,,,,,,
12001676,,,,,,,,
12001677,,,,,,,,
12001678,,,,,,,,
12001679,,,,,,,,
12001680,Yes,,1000,Vaiana,Disney Collector's Edition,,,
12001681,,,,,,,,
12001682,,,,,,,,
12001683,,,,,,,,
12001684,,,,,,,,
12001685,,,,,,,,
12001686,,,,,,,,
12001687,,,,,,,,
12001688,,,,,,,,
12001689,,,,,,,,
12001690,,,,,,,,
12001691,,,,,,,,
12001692,,,,,,,,
12001693,,,,,,,,
12001694,,,,,,,,
12001695,,,,,,,,
12001696,,,,,,,,
12001697,,,,,,,,
12001698,,,,,,,,
12001699,,,,,,,,